PLAYER_ID,FULL_NAME,TEAM_NAME,TEAM_ABBR,SEASON,PLATE_APPEARANCES,AT_BATS,HITS,BATTING_AVG,ON_BASE_PCT,SLUGGING_PCT,OPS,BABIP,HOME_RUNS,STRIKEOUTS,WALKS,XWOBA,BARREL_PCT,AVG_EXIT_VELOCITY,AVG_LAUNCH_ANGLE,GAP_SCORE
669194,Ryne Nelson,Arizona Diamondbacks,AZ,2025,1,1,1,1.0,1.0,1.0,2.0,1.0,0,0,0,0.118,0.0,89.8,-16.7,-0.882
676551,Brewer Hicklen,Detroit Tigers,DET,2025,4,3,2,0.667,0.75,0.667,1.417,1.0,0,1,1,0.349,50.0,88.9,-6.7,-0.31800000000000006
702358,Trey Lipscomb,Washington Nationals,WSH,2025,4,4,2,0.5,0.5,0.5,1.0,0.667,0,1,0,0.127,0.0,90.8,-48.3,-0.373
542963,Rob Brantly,Miami Marlins,MIA,2025,7,7,3,0.429,0.429,0.429,0.858,0.5,0,1,0,0.217,0.0,89.4,32.0,-0.212
682634,Kevin Alcántara,Chicago Cubs,CHC,2025,12,11,4,0.364,0.417,0.364,0.781,0.571,0,4,1,0.443,0.0,92.8,9.3,0.07900000000000001
621512,Tomás Nido,Detroit Tigers,DET,2025,37,35,12,0.343,0.361,0.343,0.704,0.48,0,10,0,0.278,0.0,86.4,10.4,-0.065
669369,Bryce Johnson,San Diego Padres,SD,2025,84,76,26,0.342,0.383,0.434,0.817,0.446,1,19,3,0.328,5.0,88.4,9.0,-0.014000000000000012
695257,Billy Cook,Pittsburgh Pirates,PIT,2025,6,6,2,0.333,0.333,0.333,0.666,0.4,0,1,0,0.382,0.0,81.6,26.4,0.04899999999999999
676356,Jonny DeLuca,Tampa Bay Rays,TB,2025,59,57,19,0.333,0.356,0.456,0.812,0.432,0,13,2,0.267,2.3,85.6,10.3,-0.066
690984,Petey Halpin,Cleveland Guardians,CLE,2025,8,6,2,0.333,0.5,0.333,0.833,0.5,0,2,2,0.276,0.0,72.0,-12.4,-0.056999999999999995
694388,Joey Loperfido,Toronto Blue Jays,TOR,2025,104,96,32,0.333,0.379,0.5,0.879,0.431,4,27,4,0.316,5.7,87.3,11.7,-0.017000000000000015
680700,Richie Palacios,Tampa Bay Rays,TB,2025,48,42,14,0.333,0.396,0.452,0.848,0.394,1,9,5,0.36,5.9,89.9,10.6,0.02699999999999997
592450,Aaron Judge,New York Yankees,NYY,2025,679,541,179,0.331,0.457,0.688,1.145,0.376,53,160,124,0.46,24.7,95.4,19.0,0.129
609280,Miguel Andujar,Cincinnati Reds,CIN,2025,341,321,102,0.318,0.352,0.47,0.822,0.348,10,49,17,0.298,4.7,88.0,11.0,-0.020000000000000018
666018,Jonathan Aranda,Tampa Bay Rays,TB,2025,422,370,117,0.316,0.393,0.489,0.882,0.409,14,107,41,0.382,12.8,93.0,14.5,0.066
622534,Manuel Margot,Detroit Tigers,DET,2025,20,19,6,0.316,0.3,0.316,0.616,0.429,0,6,0,0.301,0.0,79.5,10.1,-0.015000000000000013
666182,Bo Bichette,Toronto Blue Jays,TOR,2025,628,582,181,0.311,0.357,0.483,0.84,0.342,18,91,40,0.353,7.9,91.0,8.2,0.04199999999999998
805779,Jacob Wilson,Athletics,ATH,2025,523,486,151,0.311,0.355,0.444,0.799,0.317,13,39,27,0.304,2.2,84.6,8.8,-0.007000000000000006
543807,George Springer,Toronto Blue Jays,TOR,2025,586,498,154,0.309,0.399,0.56,0.959,0.34,32,111,69,0.404,16.1,90.0,17.2,0.09500000000000003
666126,Carlos Cortes,Athletics,ATH,2025,99,94,29,0.309,0.323,0.543,0.866,0.347,4,20,3,0.314,9.2,89.8,16.3,0.0050000000000000044
686452,Drew Millas,Washington Nationals,WSH,2025,55,49,15,0.306,0.358,0.449,0.807,0.357,0,7,4,0.305,2.3,84.8,8.5,-0.0010000000000000009
663853,Romy Gonzalez,Boston Red Sox,BOS,2025,341,315,96,0.305,0.343,0.483,0.826,0.378,9,81,18,0.344,12.6,93.3,5.5,0.03899999999999998
665161,Jeremy Peña,Houston Astros,HOU,2025,543,493,150,0.304,0.363,0.477,0.84,0.345,17,93,35,0.334,8.2,88.9,8.9,0.030000000000000027
607208,Trea Turner,Philadelphia Phillies,PHI,2025,639,589,179,0.304,0.355,0.457,0.812,0.35,15,107,43,0.321,5.8,89.3,9.1,0.017000000000000015
807712,Luke Keaschall,Minnesota Twins,MIN,2025,207,182,55,0.302,0.382,0.445,0.827,0.34,4,29,19,0.324,5.2,86.2,10.5,0.02200000000000002
686527,Dominic Canzone,Seattle Mariners,SEA,2025,269,243,73,0.3,0.358,0.481,0.839,0.354,11,59,20,0.376,14.4,92.3,10.5,0.07600000000000001
650490,Yandy Díaz,Tampa Bay Rays,TB,2025,651,583,175,0.3,0.366,0.482,0.848,0.318,25,92,57,0.353,8.3,93.0,5.0,0.05299999999999999
695600,Carter Jensen,Kansas City Royals,KC,2025,69,60,18,0.3,0.391,0.55,0.941,0.333,3,12,9,0.447,20.8,95.4,7.3,0.14700000000000002
695734,Daylen Lile,Washington Nationals,WSH,2025,351,321,96,0.299,0.347,0.498,0.845,0.336,9,56,21,0.348,5.2,88.9,15.0,0.04899999999999999
694208,Moisés Ballesteros,Chicago Cubs,CHC,2025,66,57,17,0.298,0.394,0.474,0.868,0.349,2,12,9,0.334,6.7,89.1,0.9,0.03600000000000003
663538,Nico Hoerner,Chicago Cubs,CHC,2025,649,599,178,0.297,0.345,0.394,0.739,0.313,7,49,39,0.322,2.3,86.7,12.5,0.025000000000000022
681987,Nate Eaton,Boston Red Sox,BOS,2025,90,81,24,0.296,0.348,0.383,0.731,0.371,1,19,6,0.293,6.3,88.8,8.8,-0.0030000000000000027
663968,Jake Mangum,Tampa Bay Rays,TB,2025,428,405,120,0.296,0.33,0.368,0.698,0.345,3,64,19,0.276,2.6,87.3,-0.7,-0.019999999999999962
669257,Will Smith,Los Angeles Dodgers,LAD,2025,436,362,107,0.296,0.404,0.497,0.901,0.345,17,89,64,0.378,12.2,91.3,18.4,0.08200000000000002
677951,Bobby Witt Jr.,Kansas City Royals,KC,2025,687,623,184,0.295,0.351,0.501,0.852,0.334,23,125,49,0.365,12.5,93.3,15.2,0.07
518692,Freddie Freeman,Los Angeles Dodgers,LAD,2025,627,556,164,0.295,0.367,0.502,0.869,0.342,24,128,60,0.35,10.4,90.9,14.3,0.05499999999999999
802415,Chandler Simpson,Tampa Bay Rays,TB,2025,441,414,122,0.295,0.326,0.345,0.671,0.327,0,43,20,0.297,0.0,84.3,0.5,0.0020000000000000018
647304,Josh Naylor,Seattle Mariners,SEA,2025,604,543,160,0.295,0.353,0.462,0.815,0.315,20,83,48,0.335,6.7,89.2,11.6,0.040000000000000036
665489,Vladimir Guerrero Jr.,Toronto Blue Jays,TOR,2025,680,589,172,0.292,0.381,0.467,0.848,0.313,23,94,81,0.384,12.2,92.0,7.8,0.09200000000000003
650333,Luis Arraez,San Diego Padres,SD,2025,675,620,181,0.292,0.327,0.392,0.719,0.289,8,21,34,0.303,1.1,86.1,12.2,0.01100000000000001
805300,Jakob Marsee,Miami Marlins,MIA,2025,234,209,61,0.292,0.363,0.478,0.841,0.357,5,48,22,0.347,8.0,88.9,10.9,0.05499999999999999
701350,Roman Anthony,Boston Red Sox,BOS,2025,303,257,75,0.292,0.396,0.463,0.859,0.404,8,84,40,0.372,15.5,94.5,6.9,0.08000000000000002
676694,Jake Meyers,Houston Astros,HOU,2025,381,343,100,0.292,0.354,0.373,0.727,0.353,3,67,31,0.325,5.0,88.1,9.8,0.03300000000000003
642851,Austin Wynns,Athletics,ATH,2025,110,103,30,0.291,0.321,0.544,0.865,0.364,6,32,5,0.295,9.6,88.6,13.0,0.0040000000000000036
701762,Nick Kurtz,Athletics,ATH,2025,489,420,122,0.29,0.383,0.619,1.002,0.364,36,151,63,0.372,18.4,92.7,15.3,0.08200000000000002
660670,Ronald Acuña Jr.,Atlanta Braves,ATL,2025,412,338,98,0.29,0.417,0.518,0.935,0.358,21,102,71,0.397,15.7,92.7,13.3,0.10700000000000004
672695,Geraldo Perdomo,Arizona Diamondbacks,AZ,2025,720,597,173,0.29,0.389,0.462,0.851,0.303,20,83,94,0.356,6.2,87.6,15.5,0.066
676475,Alec Burleson,St. Louis Cardinals,STL,2025,546,497,144,0.29,0.343,0.459,0.802,0.312,18,79,39,0.345,9.5,91.0,15.2,0.05499999999999999
623168,Tyler Heineman,Toronto Blue Jays,TOR,2025,174,149,43,0.289,0.361,0.416,0.777,0.342,3,31,12,0.273,3.2,84.4,19.1,-0.01599999999999996
669065,Kyle Stowers,Miami Marlins,MIA,2025,457,399,115,0.288,0.368,0.544,0.912,0.356,25,125,48,0.375,19.0,91.1,14.1,0.08700000000000002
686217,Sal Frelick,Milwaukee Brewers,MIL,2025,594,528,152,0.288,0.351,0.405,0.756,0.317,12,80,47,0.299,3.1,85.5,12.1,0.01100000000000001
668930,Brice Turang,Milwaukee Brewers,MIL,2025,659,584,168,0.288,0.359,0.435,0.794,0.356,18,150,66,0.335,7.9,91.1,8.6,0.04700000000000004
680977,Brendan Donovan,St. Louis Cardinals,STL,2025,515,460,132,0.287,0.353,0.422,0.775,0.315,10,67,42,0.346,8.8,89.7,12.2,0.059
663330,Jahmai Jones,Detroit Tigers,DET,2025,150,129,37,0.287,0.387,0.55,0.937,0.333,7,32,18,0.399,13.4,91.5,20.0,0.11200000000000004
664761,Alec Bohm,Philadelphia Phillies,PHI,2025,504,464,133,0.287,0.331,0.409,0.74,0.324,11,82,29,0.324,6.2,90.8,6.8,0.03700000000000003
672580,Maikel Garcia,Kansas City Royals,KC,2025,666,595,170,0.286,0.351,0.449,0.8,0.308,16,84,62,0.335,5.6,91.3,9.7,0.049000000000000044
553882,Omar Narváez,Chicago White Sox,CWS,2025,10,7,2,0.286,0.4,0.286,0.686,0.286,0,1,2,0.295,0.0,87.2,12.4,0.009000000000000008
640459,Brian Navarreto,Miami Marlins,MIA,2025,15,14,4,0.286,0.267,0.643,0.91,0.273,1,3,0,0.33,25.0,96.1,12.1,0.04400000000000004
624513,Dom Nuñez,Cleveland Guardians,CLE,2025,7,7,2,0.286,0.286,0.286,0.572,0.667,0,4,0,0.043,0.0,72.9,-27.2,-0.243
672515,Gabriel Moreno,Arizona Diamondbacks,AZ,2025,309,277,79,0.285,0.353,0.433,0.786,0.323,9,53,29,0.346,7.1,90.4,14.4,0.061
642086,Dominic Smith,San Francisco Giants,SF,2025,225,204,58,0.284,0.333,0.417,0.75,0.329,5,42,15,0.306,4.2,87.7,15.1,0.02200000000000002
671056,Iván Herrera,St. Louis Cardinals,STL,2025,452,388,110,0.284,0.373,0.464,0.837,0.315,19,84,43,0.371,11.0,91.2,10.1,0.08700000000000002
669364,Xavier Edwards,Miami Marlins,MIA,2025,619,561,159,0.283,0.343,0.353,0.696,0.33,3,88,49,0.295,0.8,86.8,8.2,0.01200000000000001
665877,José Fermín,St. Louis Cardinals,STL,2025,70,60,17,0.283,0.377,0.417,0.794,0.327,1,10,8,0.332,0.0,87.1,16.0,0.049000000000000044
606466,Ketel Marte,Arizona Diamondbacks,AZ,2025,556,480,136,0.283,0.376,0.517,0.893,0.29,28,83,64,0.39,13.5,90.8,14.8,0.10700000000000004
608070,José Ramírez,Cleveland Guardians,CLE,2025,673,593,168,0.283,0.36,0.503,0.863,0.279,30,74,66,0.342,7.0,88.9,19.2,0.05900000000000005
668885,Austin Martin,Minnesota Twins,MIN,2025,181,156,44,0.282,0.374,0.365,0.739,0.347,1,31,22,0.345,5.5,86.2,9.7,0.063
672386,Alejandro Kirk,Toronto Blue Jays,TOR,2025,506,451,127,0.282,0.348,0.421,0.769,0.292,15,59,48,0.359,10.1,91.1,11.9,0.07700000000000001
660271,Shohei Ohtani,Los Angeles Dodgers,LAD,2025,727,611,172,0.282,0.392,0.622,1.014,0.315,55,187,109,0.425,23.5,94.9,15.0,0.14300000000000002
665804,Miguel Amaya,Chicago Cubs,CHC,2025,103,96,27,0.281,0.314,0.5,0.814,0.324,4,22,4,0.295,6.6,86.4,18.6,0.013999999999999957
657656,Ramón Laureano,San Diego Padres,SD,2025,488,441,124,0.281,0.342,0.512,0.854,0.331,24,119,35,0.362,13.8,90.3,13.4,0.08099999999999996
671289,Tyler Freeman,Colorado Rockies,COL,2025,428,377,106,0.281,0.354,0.361,0.715,0.317,2,51,34,0.325,2.1,90.1,7.9,0.043999999999999984
656811,Ryan O'Hearn,San Diego Padres,SD,2025,544,474,133,0.281,0.366,0.437,0.803,0.33,17,109,58,0.343,7.6,89.4,11.4,0.062
686475,Tyler Tolbert,Kansas City Royals,KC,2025,57,50,14,0.28,0.321,0.38,0.701,0.325,1,11,1,0.313,2.4,88.3,11.3,0.032999999999999974
669016,Brandon Marsh,Philadelphia Phillies,PHI,2025,425,379,106,0.28,0.342,0.443,0.785,0.363,11,110,38,0.33,8.3,91.1,12.6,0.04999999999999999
808975,Hyeseong Kim,Los Angeles Dodgers,LAD,2025,170,161,45,0.28,0.314,0.385,0.699,0.396,3,52,7,0.251,2.7,86.0,7.0,-0.029000000000000026
693307,Dillon Dingler,Detroit Tigers,DET,2025,469,435,121,0.278,0.327,0.425,0.752,0.345,13,110,23,0.351,9.2,90.0,15.8,0.07299999999999995
696100,Hunter Goodman,Colorado Rockies,COL,2025,579,540,150,0.278,0.323,0.52,0.843,0.331,31,152,33,0.324,12.8,90.8,17.3,0.045999999999999985
676391,Ernie Clement,Toronto Blue Jays,TOR,2025,588,545,151,0.277,0.313,0.398,0.711,0.296,9,61,27,0.289,2.4,86.6,17.9,0.011999999999999955
664056,Harrison Bader,Philadelphia Phillies,PHI,2025,501,448,124,0.277,0.347,0.449,0.796,0.359,17,136,39,0.297,10.2,87.2,12.7,0.019999999999999962
687859,Troy Johnston,Miami Marlins,MIA,2025,121,112,31,0.277,0.331,0.42,0.751,0.329,4,26,8,0.338,9.3,89.6,14.6,0.061
669127,Shea Langeliers,Athletics,ATH,2025,523,481,133,0.277,0.325,0.536,0.861,0.29,31,103,36,0.328,11.2,90.9,16.4,0.05099999999999999
669236,Jeremiah Jackson,Baltimore Orioles,BAL,2025,183,170,47,0.276,0.328,0.447,0.775,0.365,5,50,11,0.291,7.5,90.6,10.9,0.014999999999999958
691016,Tyler Soderstrom,Athletics,ATH,2025,624,561,155,0.276,0.346,0.474,0.82,0.327,25,141,55,0.341,11.4,91.6,7.9,0.065
642708,Amed Rosario,New York Yankees,NYY,2025,191,181,50,0.276,0.309,0.436,0.745,0.303,6,31,7,0.331,6.0,91.2,9.9,0.05499999999999999
624641,Edmundo Sosa,Philadelphia Phillies,PHI,2025,261,243,67,0.276,0.307,0.469,0.776,0.315,11,56,10,0.29,6.3,87.7,9.4,0.013999999999999957
621043,Carlos Correa,Houston Astros,HOU,2025,584,537,148,0.276,0.332,0.402,0.734,0.328,13,113,45,0.338,6.8,90.5,7.3,0.062
592518,Manny Machado,San Diego Padres,SD,2025,678,615,169,0.275,0.335,0.46,0.795,0.307,27,131,55,0.355,12.9,92.9,14.3,0.07999999999999996
686948,Drake Baldwin,Atlanta Braves,ATL,2025,446,405,111,0.274,0.341,0.469,0.81,0.289,19,68,38,0.353,11.0,91.7,6.5,0.07899999999999996
502671,Paul Goldschmidt,New York Yankees,NYY,2025,534,489,134,0.274,0.328,0.403,0.731,0.325,10,100,36,0.329,7.9,90.4,15.9,0.05499999999999999
695391,Brett Harris,Athletics,ATH,2025,84,73,20,0.274,0.349,0.342,0.691,0.377,0,21,7,0.288,3.7,83.3,9.5,0.013999999999999957
683002,Gunnar Henderson,Baltimore Orioles,BAL,2025,651,577,158,0.274,0.349,0.438,0.787,0.329,17,137,62,0.341,8.5,92.1,9.5,0.067
519317,Giancarlo Stanton,New York Yankees,NYY,2025,281,249,68,0.273,0.35,0.594,0.944,0.338,24,96,29,0.354,22.1,94.4,17.5,0.08099999999999996
670541,Yordan Alvarez,Houston Astros,HOU,2025,199,165,45,0.273,0.367,0.43,0.797,0.295,6,33,28,0.393,13.8,94.7,18.3,0.12
691019,Kyle Teel,Chicago White Sox,CWS,2025,297,253,69,0.273,0.375,0.411,0.786,0.361,8,77,37,0.337,9.6,88.3,14.4,0.064
608324,Alex Bregman,Boston Red Sox,BOS,2025,495,433,118,0.273,0.36,0.462,0.822,0.288,18,70,51,0.337,6.6,90.1,17.7,0.064
624413,Pete Alonso,New York Mets,NYM,2025,709,624,170,0.272,0.347,0.524,0.871,0.305,38,162,61,0.386,18.9,93.5,15.4,0.11399999999999999
621566,Matt Olson,Atlanta Braves,ATL,2025,724,624,170,0.272,0.366,0.484,0.85,0.333,29,176,91,0.36,14.3,93.3,14.8,0.08799999999999997
641355,Cody Bellinger,New York Yankees,NYY,2025,656,588,160,0.272,0.334,0.48,0.814,0.274,29,90,57,0.323,7.5,88.3,18.5,0.05099999999999999
680757,Steven Kwan,Cleveland Guardians,CLE,2025,693,625,170,0.272,0.33,0.374,0.704,0.283,11,60,55,0.31,1.9,86.2,15.6,0.03799999999999998
687462,Spencer Horwitz,Pittsburgh Pirates,PIT,2025,411,364,99,0.272,0.353,0.434,0.787,0.313,11,73,44,0.326,8.2,87.4,15.6,0.05399999999999999
681624,Andy Pages,Los Angeles Dodgers,LAD,2025,624,581,158,0.272,0.313,0.461,0.774,0.308,27,135,29,0.316,8.4,88.6,16.9,0.043999999999999984
608369,Corey Seager,Texas Rangers,TEX,2025,445,380,103,0.271,0.373,0.487,0.86,0.299,21,87,58,0.4,15.3,92.9,11.6,0.129
655316,Andruw Monasterio,Milwaukee Brewers,MIL,2025,135,126,34,0.27,0.319,0.437,0.756,0.333,4,32,7,0.28,5.3,87.0,20.8,0.010000000000000009
516782,Starling Marte,New York Mets,NYM,2025,329,293,79,0.27,0.335,0.41,0.745,0.318,9,68,22,0.319,7.8,87.6,10.0,0.04899999999999999
666160,Mickey Moniak,Colorado Rockies,COL,2025,461,434,117,0.27,0.306,0.518,0.824,0.307,24,110,22,0.337,13.8,89.7,17.4,0.067
694192,Jackson Chourio,Milwaukee Brewers,MIL,2025,589,549,148,0.27,0.308,0.463,0.771,0.308,21,121,30,0.307,9.7,89.3,10.6,0.03699999999999998
545121,Ildemaro Vargas,Arizona Diamondbacks,AZ,2025,121,115,31,0.27,0.292,0.383,0.675,0.286,3,15,2,0.287,3.9,89.2,3.3,0.01699999999999996
608701,Rob Refsnyder,Boston Red Sox,BOS,2025,209,182,49,0.269,0.354,0.484,0.838,0.331,9,54,24,0.338,12.3,92.0,12.1,0.069
666158,Gavin Lux,Cincinnati Reds,CIN,2025,503,446,120,0.269,0.35,0.374,0.724,0.351,5,114,56,0.299,3.6,88.3,9.6,0.02999999999999997
700337,Edgar Quero,Chicago White Sox,CWS,2025,403,365,98,0.268,0.333,0.356,0.689,0.32,5,71,32,0.29,3.7,90.4,6.8,0.021999999999999964
665487,Fernando Tatis Jr.,San Diego Padres,SD,2025,691,594,159,0.268,0.368,0.446,0.814,0.303,25,129,89,0.37,10.9,93.3,9.4,0.10199999999999998
624428,Adam Frazier,Kansas City Royals,KC,2025,459,419,112,0.267,0.319,0.365,0.684,0.313,7,81,26,0.279,2.0,85.3,14.5,0.01200000000000001
596019,Francisco Lindor,New York Mets,NYM,2025,732,644,172,0.267,0.346,0.466,0.812,0.288,31,131,65,0.345,8.8,90.5,15.1,0.07799999999999996
677594,Julio Rodríguez,Seattle Mariners,SEA,2025,710,652,174,0.267,0.324,0.474,0.798,0.302,32,152,44,0.344,9.8,91.8,8.5,0.07699999999999996
669743,Alex Call,Los Angeles Dodgers,LAD,2025,322,270,72,0.267,0.361,0.385,0.746,0.313,5,55,36,0.321,4.4,88.2,12.4,0.05399999999999999
808982,Jung Hoo Lee,San Francisco Giants,SF,2025,617,560,149,0.266,0.327,0.407,0.734,0.291,8,71,47,0.321,3.7,87.1,9.9,0.05499999999999999
680777,Ryan Jeffers,Minnesota Twins,MIN,2025,464,406,108,0.266,0.356,0.397,0.753,0.322,9,91,50,0.325,6.3,89.3,15.0,0.059
663656,Kyle Tucker,Chicago Cubs,CHC,2025,597,500,133,0.266,0.377,0.464,0.841,0.282,22,88,87,0.372,10.8,90.1,17.2,0.10599999999999998
807799,Masataka Yoshida,Boston Red Sox,BOS,2025,205,188,50,0.266,0.307,0.388,0.695,0.28,4,24,10,0.314,6.5,90.2,5.7,0.04799999999999999
669720,Austin Hays,Cincinnati Reds,CIN,2025,416,380,101,0.266,0.315,0.453,0.768,0.326,15,107,29,0.3,10.4,88.8,14.6,0.033999999999999975
681715,Heriberto Hernández,Miami Marlins,MIA,2025,294,256,68,0.266,0.347,0.438,0.785,0.335,10,77,31,0.334,10.9,90.2,14.2,0.068
518934,DJ LeMahieu,New York Yankees,NYY,2025,142,128,34,0.266,0.338,0.336,0.674,0.352,2,35,14,0.295,4.3,91.7,4.1,0.02899999999999997
593871,Jorge Polanco,Seattle Mariners,SEA,2025,524,471,125,0.265,0.326,0.495,0.821,0.269,26,82,42,0.343,10.3,90.8,16.7,0.07800000000000001
514888,Jose Altuve,Houston Astros,HOU,2025,654,588,156,0.265,0.329,0.442,0.771,0.283,26,109,55,0.3,6.2,85.1,17.7,0.034999999999999976
676059,Jordan Westburg,Baltimore Orioles,BAL,2025,352,328,87,0.265,0.313,0.457,0.77,0.302,17,80,17,0.327,11.2,90.2,14.1,0.062
641487,J.P. Crawford,Seattle Mariners,SEA,2025,654,570,151,0.265,0.352,0.37,0.722,0.318,12,122,74,0.329,4.8,87.2,11.5,0.064
672820,Lenyn Sosa,Chicago White Sox,CWS,2025,544,518,137,0.264,0.293,0.434,0.727,0.309,22,127,18,0.326,10.4,90.7,18.4,0.062
683766,Christian Koss,San Francisco Giants,SF,2025,191,174,46,0.264,0.309,0.368,0.677,0.336,3,45,9,0.311,6.0,86.9,5.5,0.046999999999999986
621439,Byron Buxton,Minnesota Twins,MIN,2025,542,488,129,0.264,0.327,0.551,0.878,0.302,35,148,41,0.35,17.6,92.5,17.7,0.08599999999999997
694384,Nolan Schanuel,Los Angeles Angels,LAA,2025,564,488,129,0.264,0.353,0.389,0.742,0.286,12,71,59,0.327,4.5,87.5,13.2,0.063
691406,Junior Caminero,Tampa Bay Rays,TB,2025,653,602,159,0.264,0.311,0.535,0.846,0.26,45,125,41,0.346,14.0,92.4,10.7,0.08199999999999996
686469,Vinnie Pasquantino,Kansas City Royals,KC,2025,682,621,164,0.264,0.323,0.475,0.798,0.271,32,107,49,0.334,10.8,90.9,16.3,0.07
682829,Elly De La Cruz,Cincinnati Reds,CIN,2025,699,629,166,0.264,0.336,0.44,0.776,0.337,22,181,67,0.322,10.2,91.0,7.6,0.057999999999999996
701538,Jackson Merrill,San Diego Padres,SD,2025,483,440,116,0.264,0.317,0.457,0.774,0.312,16,108,33,0.347,13.0,89.7,15.2,0.08299999999999996
592885,Christian Yelich,Milwaukee Brewers,MIL,2025,644,573,151,0.264,0.343,0.452,0.795,0.323,29,167,64,0.33,10.3,90.2,1.9,0.066
686555,Isaac Collins,Milwaukee Brewers,MIL,2025,441,372,98,0.263,0.368,0.411,0.779,0.326,9,93,57,0.322,4.9,88.8,12.2,0.059
665742,Juan Soto,New York Mets,NYM,2025,715,577,152,0.263,0.396,0.525,0.921,0.27,43,137,127,0.429,18.1,93.8,12.0,0.16599999999999998
640492,José Azócar,Atlanta Braves,ATL,2025,21,19,5,0.263,0.333,0.263,0.596,0.278,0,1,2,0.343,0.0,86.4,7.1,0.08000000000000002
596115,Trevor Story,Boston Red Sox,BOS,2025,654,612,161,0.263,0.308,0.433,0.741,0.33,25,176,33,0.311,9.8,91.4,14.2,0.04799999999999999
593428,Xander Bogaerts,San Diego Padres,SD,2025,552,491,129,0.263,0.328,0.391,0.719,0.299,11,94,48,0.327,6.9,89.0,11.1,0.064
643565,Mike Tauchman,Chicago White Sox,CWS,2025,385,335,88,0.263,0.356,0.4,0.756,0.328,9,86,45,0.321,6.8,89.0,16.5,0.057999999999999996
682622,Noelvi Marte,Cincinnati Reds,CIN,2025,360,339,89,0.263,0.3,0.448,0.748,0.31,14,85,16,0.304,9.0,88.5,12.7,0.04099999999999998
607043,Brandon Nimmo,New York Mets,NYM,2025,652,587,154,0.262,0.324,0.436,0.76,0.301,25,141,50,0.321,8.8,91.9,11.2,0.059
643396,Isiah Kiner-Falefa,Toronto Blue Jays,TOR,2025,459,431,113,0.262,0.297,0.334,0.631,0.314,2,77,17,0.262,1.4,84.6,4.0,0.0
664702,Myles Straw,Toronto Blue Jays,TOR,2025,299,267,70,0.262,0.313,0.367,0.68,0.308,4,50,19,0.295,3.9,87.2,14.8,0.032999999999999974
500743,Miguel Rojas,Los Angeles Dodgers,LAD,2025,317,290,76,0.262,0.318,0.397,0.715,0.291,7,46,24,0.293,4.0,87.6,12.9,0.030999999999999972
667670,Brent Rooker,Athletics,ATH,2025,699,626,164,0.262,0.335,0.479,0.814,0.302,30,155,65,0.351,13.7,90.7,16.4,0.08899999999999997
547180,Bryce Harper,Philadelphia Phillies,PHI,2025,580,501,131,0.261,0.357,0.487,0.844,0.292,27,121,70,0.368,12.3,91.3,11.6,0.10699999999999998
683737,Michael Busch,Chicago Cubs,CHC,2025,592,524,137,0.261,0.343,0.523,0.866,0.292,34,139,56,0.378,17.1,92.2,17.0,0.11699999999999999
670770,TJ Friedl,Cincinnati Reds,CIN,2025,685,579,151,0.261,0.364,0.378,0.742,0.301,14,115,81,0.3,2.7,87.1,14.3,0.03899999999999998
686765,Nick Sogard,Boston Red Sox,BOS,2025,104,96,25,0.26,0.317,0.344,0.661,0.347,0,24,5,0.302,5.6,86.0,11.6,0.04199999999999998
543510,James McCann,Arizona Diamondbacks,AZ,2025,137,123,32,0.26,0.324,0.431,0.755,0.314,5,33,8,0.313,7.6,92.3,8.3,0.05299999999999999
693304,Nick Gonzales,Pittsburgh Pirates,PIT,2025,408,381,99,0.26,0.299,0.362,0.661,0.306,5,73,21,0.291,4.5,88.8,9.1,0.030999999999999972
661388,William Contreras,Milwaukee Brewers,MIL,2025,659,566,147,0.26,0.355,0.399,0.754,0.299,17,120,84,0.328,6.4,91.1,7.0,0.068
663586,Austin Riley,Atlanta Braves,ATL,2025,447,416,108,0.26,0.309,0.428,0.737,0.337,16,128,27,0.33,15.2,92.3,16.8,0.07
682998,Corbin Carroll,Arizona Diamondbacks,AZ,2025,642,564,146,0.259,0.343,0.541,0.884,0.299,31,153,67,0.372,14.5,92.1,16.7,0.11299999999999999
656716,Zach McKinstry,Detroit Tigers,DET,2025,511,452,117,0.259,0.333,0.438,0.771,0.314,12,111,46,0.305,6.1,85.7,14.1,0.045999999999999985
605170,Victor Caratini,Houston Astros,HOU,2025,386,344,89,0.259,0.324,0.404,0.728,0.282,12,65,23,0.329,7.7,88.7,12.5,0.07
682985,Riley Greene,Detroit Tigers,DET,2025,655,600,155,0.258,0.313,0.493,0.806,0.323,36,201,46,0.332,17.1,89.9,15.0,0.07400000000000001
656976,Pavin Smith,Arizona Diamondbacks,AZ,2025,288,244,63,0.258,0.362,0.434,0.796,0.377,8,92,41,0.319,11.7,90.1,12.4,0.061
695336,Thomas Saggese,St. Louis Cardinals,STL,2025,295,275,71,0.258,0.299,0.342,0.641,0.359,2,83,16,0.28,5.6,90.2,12.9,0.02200000000000002
605141,Mookie Betts,Los Angeles Dodgers,LAD,2025,663,589,152,0.258,0.326,0.406,0.732,0.258,20,68,61,0.33,5.5,89.1,18.0,0.07200000000000001
687597,Jordan Beck,Colorado Rockies,COL,2025,588,539,139,0.258,0.317,0.416,0.733,0.351,16,174,43,0.301,9.6,87.4,12.8,0.04299999999999998
691176,Jasson Domínguez,New York Yankees,NYY,2025,429,381,98,0.257,0.331,0.388,0.719,0.338,10,115,41,0.306,7.0,90.6,13.0,0.04899999999999999
575929,Willson Contreras,St. Louis Cardinals,STL,2025,563,490,126,0.257,0.344,0.447,0.791,0.319,20,142,44,0.358,13.9,90.6,12.3,0.10099999999999998
686676,Korey Lee,Chicago White Sox,CWS,2025,40,35,9,0.257,0.333,0.429,0.762,0.296,1,7,4,0.25,3.4,86.3,15.9,-0.007000000000000006
687263,Zach Neto,Los Angeles Angels,LAA,2025,554,502,129,0.257,0.319,0.474,0.793,0.312,26,149,33,0.344,14.0,91.0,17.5,0.08699999999999997
592663,J.T. Realmuto,Philadelphia Phillies,PHI,2025,550,502,129,0.257,0.315,0.384,0.699,0.321,12,129,35,0.316,8.8,90.0,11.1,0.059
682928,CJ Abrams,Washington Nationals,WSH,2025,635,580,149,0.257,0.315,0.433,0.748,0.296,19,125,37,0.309,7.6,88.7,13.3,0.05199999999999999
664034,Ty France,Toronto Blue Jays,TOR,2025,490,444,114,0.257,0.32,0.36,0.68,0.3,7,83,22,0.328,7.7,89.5,10.5,0.07100000000000001
595879,Javier Báez,Detroit Tigers,DET,2025,437,417,107,0.257,0.282,0.398,0.68,0.318,12,109,10,0.27,5.5,88.2,11.4,0.013000000000000012
681082,Bryson Stott,Philadelphia Phillies,PHI,2025,560,499,128,0.257,0.328,0.391,0.719,0.288,13,91,54,0.313,5.1,87.6,14.9,0.055999999999999994
673237,Yainer Diaz,Houston Astros,HOU,2025,567,542,139,0.256,0.284,0.417,0.701,0.277,20,95,20,0.326,9.6,89.9,10.2,0.07
680776,Jarren Duran,Boston Red Sox,BOS,2025,696,620,159,0.256,0.332,0.442,0.774,0.326,16,169,60,0.326,9.7,91.8,12.0,0.07
671218,Heliot Ramos,San Francisco Giants,SF,2025,695,620,159,0.256,0.328,0.4,0.728,0.309,21,158,52,0.32,8.8,91.8,11.5,0.064
595751,Jorge Alfaro,Washington Nationals,WSH,2025,39,39,10,0.256,0.256,0.308,0.564,0.4,0,14,0,0.247,8.0,86.8,12.4,-0.009000000000000008
664040,Brandon Lowe,Tampa Bay Rays,TB,2025,553,507,130,0.256,0.307,0.477,0.784,0.297,31,149,38,0.335,12.9,91.1,15.2,0.07900000000000001
702332,Caleb Durbin,Milwaukee Brewers,MIL,2025,506,445,114,0.256,0.334,0.387,0.721,0.265,11,50,30,0.312,4.0,85.2,13.9,0.055999999999999994
682626,Francisco Alvarez,New York Mets,NYM,2025,277,246,63,0.256,0.339,0.447,0.786,0.321,11,73,27,0.326,12.1,93.1,9.6,0.07
690993,Colt Keith,Detroit Tigers,DET,2025,468,414,106,0.256,0.333,0.413,0.746,0.307,13,102,48,0.341,9.2,90.0,13.3,0.08500000000000002
695578,James Wood,Washington Nationals,WSH,2025,689,598,153,0.256,0.35,0.475,0.825,0.35,31,221,85,0.361,16.3,94.3,6.3,0.10499999999999998
650402,Gleyber Torres,Detroit Tigers,DET,2025,628,532,136,0.256,0.358,0.387,0.745,0.284,16,101,85,0.363,8.2,90.0,14.3,0.10699999999999998
664728,Kyle Isbel,Kansas City Royals,KC,2025,409,368,94,0.255,0.301,0.353,0.654,0.307,4,74,23,0.251,1.6,87.8,8.7,-0.0040000000000000036
805904,Zach Cole,Houston Astros,HOU,2025,52,47,12,0.255,0.327,0.553,0.88,0.348,4,20,5,0.305,14.8,90.1,12.8,0.04999999999999999
664770,Nathan Lukes,Toronto Blue Jays,TOR,2025,438,388,99,0.255,0.323,0.407,0.73,0.273,12,60,38,0.315,4.7,87.9,11.2,0.06
700250,Ben Rice,New York Yankees,NYY,2025,530,467,119,0.255,0.337,0.499,0.836,0.271,26,100,50,0.391,15.4,93.3,14.2,0.136
701398,Sal Stewart,Cincinnati Reds,CIN,2025,58,55,14,0.255,0.293,0.545,0.838,0.257,5,15,3,0.398,17.5,95.4,17.9,0.14300000000000002
683146,Brett Baty,New York Mets,NYM,2025,432,393,100,0.254,0.313,0.435,0.748,0.304,18,108,33,0.334,12.8,90.7,5.8,0.08000000000000002
670623,Isaac Paredes,Houston Astros,HOU,2025,438,378,96,0.254,0.352,0.458,0.81,0.268,20,76,50,0.32,6.3,87.4,23.0,0.066
683734,Andrew Vaughn,Milwaukee Brewers,MIL,2025,447,406,103,0.254,0.307,0.411,0.718,0.28,14,80,31,0.349,12.0,91.6,13.3,0.09499999999999997
805367,Chase Meidroth,Chicago White Sox,CWS,2025,505,450,114,0.253,0.329,0.32,0.649,0.291,5,72,45,0.3,1.6,88.2,6.7,0.046999999999999986
642731,Thairo Estrada,Colorado Rockies,COL,2025,165,154,39,0.253,0.285,0.37,0.655,0.281,3,26,6,0.264,3.1,86.3,7.0,0.01100000000000001
665052,Griffin Conine,Miami Marlins,MIA,2025,86,79,20,0.253,0.314,0.418,0.732,0.346,2,25,7,0.299,14.8,90.9,8.0,0.045999999999999985
664059,Sam Haggerty,Texas Rangers,TEX,2025,182,162,41,0.253,0.328,0.37,0.698,0.317,2,37,16,0.304,2.4,88.3,7.0,0.05099999999999999
660644,Vidal Bruján,Atlanta Braves,ATL,2025,95,87,22,0.253,0.305,0.31,0.615,0.328,0,21,6,0.266,0.0,88.2,7.5,0.013000000000000012
678662,Ezequiel Tovar,Colorado Rockies,COL,2025,390,360,91,0.253,0.294,0.4,0.694,0.322,9,98,21,0.319,9.3,89.4,16.4,0.066
810938,Ben Williamson,Seattle Mariners,SEA,2025,295,277,70,0.253,0.294,0.31,0.604,0.325,1,64,15,0.269,3.3,88.3,3.1,0.016000000000000014
691026,Masyn Winn,St. Louis Cardinals,STL,2025,537,491,124,0.253,0.31,0.363,0.673,0.301,9,102,34,0.286,4.8,88.3,16.0,0.032999999999999974
646240,Rafael Devers,San Francisco Giants,SF,2025,729,607,153,0.252,0.372,0.479,0.851,0.307,35,192,112,0.367,16.0,93.5,12.6,0.11499999999999999
671277,Luis García Jr.,Washington Nationals,WSH,2025,526,488,123,0.252,0.289,0.412,0.701,0.27,16,84,27,0.339,9.0,90.2,9.2,0.08700000000000002
657757,Gavin Sheets,San Diego Padres,SD,2025,545,492,124,0.252,0.317,0.429,0.746,0.284,19,107,44,0.34,9.5,89.9,14.0,0.08800000000000002
682653,Warming Bernabel,Colorado Rockies,COL,2025,146,139,35,0.252,0.288,0.41,0.698,0.282,4,25,7,0.273,2.6,85.4,13.2,0.02100000000000002
681481,Kerry Carpenter,Detroit Tigers,DET,2025,464,433,109,0.252,0.291,0.497,0.788,0.274,26,106,18,0.335,12.5,91.4,21.0,0.08300000000000002
673962,Josh Jung,Texas Rangers,TEX,2025,511,482,121,0.251,0.294,0.39,0.684,0.316,14,129,27,0.304,8.2,89.3,12.8,0.05299999999999999
681393,Connor Norby,Miami Marlins,MIA,2025,337,311,78,0.251,0.3,0.389,0.689,0.324,8,90,18,0.307,9.4,88.3,15.9,0.055999999999999994
666023,Freddy Fermin,San Diego Padres,SD,2025,347,319,80,0.251,0.297,0.339,0.636,0.301,5,65,19,0.271,4.2,89.1,14.2,0.020000000000000018
669701,Josh Smith,Texas Rangers,TEX,2025,563,495,124,0.251,0.335,0.366,0.701,0.295,10,100,55,0.31,5.0,87.2,12.7,0.059
663616,Trevor Larnach,Minnesota Twins,MIN,2025,567,503,126,0.25,0.323,0.404,0.727,0.295,17,122,53,0.318,7.2,90.9,10.9,0.068
592206,Nick Castellanos,Philadelphia Phillies,PHI,2025,589,547,137,0.25,0.294,0.4,0.694,0.298,17,133,32,0.302,7.6,87.8,15.2,0.05199999999999999
672012,Tyler Black,Milwaukee Brewers,MIL,2025,13,8,2,0.25,0.538,0.375,0.913,0.286,0,1,5,0.431,0.0,83.1,1.7,0.181
667452,Corey Julks,Chicago White Sox,CWS,2025,13,12,3,0.25,0.231,0.417,0.648,0.3,0,3,0,0.162,0.0,85.5,10.9,-0.088
666198,Carter Kieboom,Los Angeles Angels,LAA,2025,8,8,2,0.25,0.25,0.25,0.5,0.286,0,1,0,0.243,0.0,80.7,13.1,-0.007000000000000006
670156,Miles Mastrobuoni,Seattle Mariners,SEA,2025,175,152,38,0.25,0.324,0.296,0.62,0.301,1,29,17,0.318,2.3,88.0,6.2,0.068
663624,Ryan Mountcastle,Baltimore Orioles,BAL,2025,357,332,83,0.25,0.286,0.367,0.653,0.326,7,98,15,0.313,11.7,90.7,9.1,0.063
656896,Emmanuel Rivera,Baltimore Orioles,BAL,2025,127,120,30,0.25,0.291,0.283,0.574,0.313,0,24,6,0.267,1.0,86.7,11.6,0.017000000000000015
670276,Cal Stevenson,Philadelphia Phillies,PHI,2025,8,8,2,0.25,0.25,0.25,0.5,0.333,0,2,0,0.152,0.0,86.8,11.1,-0.098
676572,Eric Wagaman,Miami Marlins,MIA,2025,514,476,119,0.25,0.296,0.378,0.674,0.296,9,100,32,0.315,6.8,91.0,10.6,0.065
676466,Jack Winkler,Miami Marlins,MIA,2025,16,16,4,0.25,0.25,0.375,0.625,0.333,0,4,0,0.201,8.3,86.8,5.0,-0.04899999999999999
677950,Alek Thomas,Arizona Diamondbacks,AZ,2025,469,433,108,0.249,0.289,0.37,0.659,0.324,9,122,21,0.289,7.8,89.6,4.2,0.03999999999999998
608348,Carson Kelly,Chicago Cubs,CHC,2025,421,369,92,0.249,0.333,0.428,0.761,0.272,17,80,45,0.321,9.6,88.8,16.4,0.07200000000000001
663698,Joey Bart,Pittsburgh Pirates,PIT,2025,332,285,71,0.249,0.355,0.34,0.695,0.356,4,93,40,0.318,10.4,88.4,9.0,0.069
678882,Ceddanne Rafaela,Boston Red Sox,BOS,2025,587,546,136,0.249,0.295,0.414,0.709,0.289,16,117,28,0.305,9.2,88.3,12.8,0.055999999999999994
671739,Michael Harris II,Atlanta Braves,ATL,2025,641,611,152,0.249,0.268,0.409,0.677,0.281,20,128,16,0.315,9.1,90.2,7.4,0.066
666971,Lourdes Gurriel Jr.,Arizona Diamondbacks,AZ,2025,546,500,124,0.248,0.295,0.418,0.713,0.254,19,76,31,0.315,7.2,87.8,16.3,0.067
694497,Evan Carter,Texas Rangers,TEX,2025,220,194,48,0.247,0.336,0.392,0.728,0.291,5,41,19,0.308,5.9,86.7,13.7,0.061
660688,Keibert Ruiz,Washington Nationals,WSH,2025,267,255,63,0.247,0.277,0.318,0.595,0.268,2,26,8,0.287,2.2,86.2,11.3,0.03999999999999998
691718,Pete Crow-Armstrong,Chicago Cubs,CHC,2025,647,591,146,0.247,0.287,0.481,0.768,0.276,31,155,29,0.321,13.0,89.5,20.0,0.07400000000000001
689414,Liam Hicks,Miami Marlins,MIA,2025,390,332,82,0.247,0.346,0.346,0.692,0.278,6,56,43,0.315,3.5,84.6,10.6,0.068
456781,Donovan Solano,Texas Rangers,TEX,2025,179,166,41,0.247,0.291,0.337,0.628,0.304,3,40,8,0.259,3.9,87.4,12.7,0.01200000000000001
677800,Wilyer Abreu,Boston Red Sox,BOS,2025,417,373,92,0.247,0.317,0.469,0.786,0.277,22,101,40,0.335,12.3,90.8,23.0,0.08800000000000002
663728,Cal Raleigh,Seattle Mariners,SEA,2025,705,596,147,0.247,0.359,0.589,0.948,0.248,60,188,97,0.371,19.5,91.3,25.2,0.124
606192,Teoscar Hernández,Los Angeles Dodgers,LAD,2025,546,511,126,0.247,0.284,0.454,0.738,0.283,25,134,26,0.323,11.5,90.2,9.9,0.07600000000000001
640902,Jhonny Pereda,Minnesota Twins,MIN,2025,78,69,17,0.246,0.325,0.333,0.658,0.354,0,21,8,0.254,4.1,89.1,6.6,0.008000000000000007
672640,Otto Lopez,Miami Marlins,MIA,2025,594,544,134,0.246,0.305,0.368,0.673,0.264,15,82,44,0.33,7.1,88.5,8.4,0.08400000000000002
630105,Jake Cronenworth,San Diego Padres,SD,2025,515,419,103,0.246,0.367,0.377,0.744,0.299,11,107,69,0.319,6.2,88.5,14.9,0.07300000000000001
668804,Bryan Reynolds,Pittsburgh Pirates,PIT,2025,654,587,144,0.245,0.318,0.402,0.72,0.319,16,173,57,0.338,10.1,91.2,7.3,0.09300000000000003
595777,Jurickson Profar,Atlanta Braves,ATL,2025,371,318,78,0.245,0.353,0.434,0.787,0.261,14,59,48,0.325,7.3,89.0,20.0,0.08000000000000002
645302,Victor Robles,Seattle Mariners,SEA,2025,114,106,26,0.245,0.281,0.33,0.611,0.309,1,26,3,0.237,4.9,85.4,6.8,-0.008000000000000007
673548,Seiya Suzuki,Chicago Cubs,CHC,2025,651,571,140,0.245,0.326,0.478,0.804,0.282,32,164,71,0.352,16.6,91.3,17.9,0.10699999999999998
701305,Zach Dezenzo,Houston Astros,HOU,2025,109,98,24,0.245,0.321,0.367,0.688,0.373,2,37,11,0.316,16.4,89.3,17.5,0.07100000000000001
502054,Tommy Pham,Pittsburgh Pirates,PIT,2025,449,392,96,0.245,0.33,0.37,0.7,0.294,10,94,50,0.318,6.6,91.6,6.9,0.07300000000000001
608671,Travis Jankowski,New York Mets,NYM,2025,50,45,11,0.244,0.286,0.289,0.575,0.324,0,12,3,0.248,0.0,84.6,-0.4,0.0040000000000000036
571912,Luke Maile,Kansas City Royals,KC,2025,54,45,11,0.244,0.346,0.356,0.702,0.357,1,16,7,0.342,6.5,90.8,14.0,0.09800000000000003
660844,Leo Rivas,Seattle Mariners,SEA,2025,111,90,22,0.244,0.387,0.333,0.72,0.313,2,24,20,0.288,3.0,86.3,13.1,0.043999999999999984
686681,Michael Massey,Kansas City Royals,KC,2025,277,262,64,0.244,0.268,0.313,0.581,0.277,3,43,9,0.265,4.0,87.5,22.2,0.02100000000000002
672761,Wenceel Pérez,Detroit Tigers,DET,2025,383,344,84,0.244,0.308,0.43,0.738,0.285,13,87,31,0.31,8.8,90.3,18.4,0.066
621020,Dansby Swanson,Chicago Cubs,CHC,2025,645,590,144,0.244,0.3,0.417,0.717,0.298,24,168,47,0.345,11.7,90.5,13.3,0.10099999999999998
680718,Addison Barger,Toronto Blue Jays,TOR,2025,502,460,112,0.243,0.301,0.454,0.755,0.284,21,121,36,0.331,11.4,91.7,11.9,0.08800000000000002
677588,José Tena,Washington Nationals,WSH,2025,169,152,37,0.243,0.314,0.355,0.669,0.319,0,37,15,0.302,5.2,89.2,1.2,0.059
643446,Jeff McNeil,New York Mets,NYM,2025,462,399,97,0.243,0.335,0.411,0.746,0.253,12,55,49,0.33,5.1,87.2,15.9,0.08700000000000002
665828,Oswaldo Cabrera,New York Yankees,NYY,2025,122,107,26,0.243,0.322,0.308,0.63,0.305,1,25,11,0.284,0.0,89.1,8.8,0.04099999999999998
571970,Max Muncy,Los Angeles Dodgers,LAD,2025,388,313,76,0.243,0.376,0.47,0.846,0.264,19,83,64,0.374,13.6,91.3,19.6,0.131
691594,Javier Sanoja,Miami Marlins,MIA,2025,342,313,76,0.243,0.287,0.396,0.683,0.259,6,41,19,0.282,1.8,88.5,10.8,0.03899999999999998
671221,Drew Waters,Kansas City Royals,KC,2025,219,206,50,0.243,0.288,0.316,0.604,0.338,1,60,11,0.265,4.1,86.0,9.1,0.02200000000000002
664023,Ian Happ,Chicago Cubs,CHC,2025,663,569,138,0.243,0.342,0.42,0.762,0.288,23,151,87,0.354,10.4,90.0,16.1,0.11099999999999999
669289,Santiago Espinal,Cincinnati Reds,CIN,2025,328,301,73,0.243,0.292,0.282,0.574,0.275,0,38,21,0.254,0.7,86.5,15.1,0.01100000000000001
665862,Jazz Chisholm Jr.,New York Yankees,NYY,2025,531,462,112,0.242,0.332,0.481,0.813,0.282,31,148,58,0.346,15.0,89.0,15.8,0.10399999999999998
702616,Jackson Holliday,Baltimore Orioles,BAL,2025,649,586,142,0.242,0.314,0.375,0.689,0.291,17,140,56,0.314,7.8,88.8,8.9,0.07200000000000001
680728,Adrian Del Castillo,Arizona Diamondbacks,AZ,2025,131,120,29,0.242,0.29,0.392,0.682,0.352,4,47,8,0.269,6.7,89.9,19.0,0.027000000000000024
602104,Ramón Urías,Houston Astros,HOU,2025,391,352,85,0.241,0.292,0.384,0.676,0.281,11,88,27,0.289,8.0,89.2,13.2,0.04799999999999999
694671,Wyatt Langford,Texas Rangers,TEX,2025,573,489,118,0.241,0.344,0.431,0.775,0.299,22,151,74,0.346,14.0,91.4,17.5,0.10499999999999998
643289,Mauricio Dubón,Houston Astros,HOU,2025,398,369,89,0.241,0.289,0.355,0.644,0.255,7,42,24,0.278,1.2,84.5,13.1,0.03700000000000003
527038,Wilmer Flores,San Francisco Giants,SF,2025,463,419,101,0.241,0.307,0.379,0.686,0.267,16,88,34,0.281,4.8,85.9,18.8,0.040000000000000036
543309,Kyle Higashioka,Texas Rangers,TEX,2025,327,303,73,0.241,0.291,0.403,0.694,0.279,11,72,20,0.295,8.6,88.9,17.2,0.05399999999999999
641584,Jake Fraley,Atlanta Braves,ATL,2025,217,191,46,0.241,0.332,0.382,0.714,0.294,6,49,25,0.315,4.9,85.2,17.8,0.07400000000000001
665966,Carlos Narváez,Boston Red Sox,BOS,2025,446,403,97,0.241,0.306,0.419,0.725,0.294,15,111,38,0.293,9.1,91.1,13.2,0.05199999999999999
690022,Ryan Ritter,Colorado Rockies,COL,2025,207,187,45,0.241,0.296,0.337,0.633,0.349,1,61,10,0.248,1.5,85.2,7.4,0.007000000000000006
643217,Andrew Benintendi,Chicago White Sox,CWS,2025,470,420,101,0.24,0.307,0.431,0.738,0.25,20,82,40,0.32,11.0,88.0,20.1,0.08000000000000002
645277,Ozzie Albies,Atlanta Braves,ATL,2025,667,603,145,0.24,0.306,0.365,0.671,0.259,16,94,55,0.299,4.9,87.5,18.7,0.059
656941,Kyle Schwarber,Philadelphia Phillies,PHI,2025,724,604,145,0.24,0.365,0.563,0.928,0.253,56,197,108,0.401,20.8,94.3,20.1,0.16100000000000003
681460,Brooks Baldwin,Chicago White Sox,CWS,2025,328,300,72,0.24,0.29,0.407,0.697,0.298,11,86,21,0.307,10.9,90.4,14.8,0.067
679529,Spencer Torkelson,Detroit Tigers,DET,2025,649,563,135,0.24,0.333,0.456,0.789,0.283,31,169,72,0.334,13.5,90.2,23.1,0.09400000000000003
647351,Abraham Toro,Boston Red Sox,BOS,2025,284,259,62,0.239,0.289,0.371,0.66,0.256,7,42,14,0.302,4.5,86.3,13.4,0.063
695657,Colson Montgomery,Chicago White Sox,CWS,2025,284,255,61,0.239,0.311,0.529,0.84,0.263,21,83,25,0.341,14.5,89.4,18.0,0.10200000000000004
457705,Andrew McCutchen,Pittsburgh Pirates,PIT,2025,551,477,114,0.239,0.333,0.367,0.7,0.289,13,118,67,0.333,8.3,89.5,14.5,0.09400000000000003
628451,Andy Ibáñez,Detroit Tigers,DET,2025,193,176,42,0.239,0.301,0.352,0.653,0.259,4,26,12,0.304,4.6,88.9,12.6,0.065
663837,Matt Vierling,Detroit Tigers,DET,2025,100,88,21,0.239,0.31,0.307,0.617,0.308,1,24,7,0.338,12.1,92.2,20.4,0.09900000000000003
657077,Alex Verdugo,Atlanta Braves,ATL,2025,213,197,47,0.239,0.296,0.289,0.585,0.283,0,31,14,0.306,3.0,89.9,9.9,0.067
668227,Randy Arozarena,Seattle Mariners,SEA,2025,709,613,146,0.238,0.334,0.426,0.76,0.298,27,191,64,0.327,11.5,91.3,12.9,0.08900000000000002
662139,Daulton Varsho,Toronto Blue Jays,TOR,2025,271,248,59,0.238,0.284,0.548,0.832,0.25,20,77,17,0.327,15.9,89.9,23.5,0.08900000000000002
668715,Spencer Steer,Cincinnati Reds,CIN,2025,568,509,121,0.238,0.312,0.411,0.723,0.277,21,129,51,0.293,7.6,87.3,18.8,0.05499999999999999
572233,Christian Walker,Houston Astros,HOU,2025,640,585,139,0.238,0.297,0.421,0.718,0.291,27,177,40,0.314,12.9,90.9,16.9,0.07600000000000001
624431,Jose Trevino,Cincinnati Reds,CIN,2025,302,282,67,0.238,0.272,0.351,0.623,0.259,4,39,15,0.278,4.4,87.9,10.9,0.040000000000000036
570482,Gio Urshela,Athletics,ATH,2025,197,181,43,0.238,0.287,0.326,0.613,0.303,0,40,13,0.286,2.1,86.9,10.6,0.04799999999999999
650859,Luis Rengifo,Los Angeles Angels,LAA,2025,541,501,119,0.238,0.287,0.335,0.622,0.281,9,104,33,0.302,5.0,87.1,6.7,0.064
660821,Jesús Sánchez,Houston Astros,HOU,2025,497,451,107,0.237,0.304,0.395,0.699,0.283,14,110,42,0.323,11.1,91.3,9.3,0.08600000000000002
605137,Josh Bell,Washington Nationals,WSH,2025,533,468,111,0.237,0.325,0.417,0.742,0.247,22,88,57,0.359,12.0,90.4,10.4,0.122
669477,Casey Schmitt,San Francisco Giants,SF,2025,348,312,74,0.237,0.305,0.401,0.706,0.282,12,83,27,0.328,9.0,89.5,19.2,0.09100000000000003
571448,Nolan Arenado,St. Louis Cardinals,STL,2025,436,401,95,0.237,0.289,0.377,0.666,0.241,12,49,28,0.289,3.9,86.8,19.0,0.05199999999999999
668904,Royce Lewis,Minnesota Twins,MIN,2025,403,376,89,0.237,0.283,0.388,0.671,0.267,13,80,25,0.297,8.7,89.8,16.7,0.06
656555,Rhys Hoskins,Milwaukee Brewers,MIL,2025,328,279,66,0.237,0.332,0.416,0.748,0.297,12,91,38,0.314,10.3,90.2,22.1,0.07700000000000001
686894,Joey Wiemer,Miami Marlins,MIA,2025,61,55,13,0.236,0.279,0.436,0.715,0.323,3,23,2,0.305,14.7,91.4,6.4,0.069
521692,Salvador Perez,Kansas City Royals,KC,2025,641,597,141,0.236,0.284,0.446,0.73,0.251,30,125,28,0.357,14.8,90.0,18.1,0.121
686797,Brooks Lee,Minnesota Twins,MIN,2025,527,487,115,0.236,0.285,0.37,0.655,0.258,16,92,31,0.289,5.8,88.6,13.2,0.05299999999999999
669394,Jake Burger,Texas Rangers,TEX,2025,376,356,84,0.236,0.269,0.419,0.688,0.272,16,93,12,0.324,13.9,90.4,16.1,0.08800000000000002
701358,Cam Smith,Houston Astros,HOU,2025,493,441,104,0.236,0.312,0.358,0.67,0.32,9,137,43,0.304,6.9,87.9,8.9,0.068
666176,Jo Adell,Los Angeles Angels,LAA,2025,573,526,124,0.236,0.293,0.485,0.778,0.257,37,151,33,0.365,17.3,91.7,16.1,0.129
676609,José Caballero,New York Yankees,NYY,2025,370,314,74,0.236,0.339,0.347,0.686,0.324,5,98,47,0.299,5.9,86.0,17.4,0.063
663609,Luken Baker,St. Louis Cardinals,STL,2025,41,34,8,0.235,0.366,0.324,0.69,0.333,0,10,7,0.328,8.3,94.6,22.1,0.09300000000000003
663647,Ke'Bryan Hayes,Cincinnati Reds,CIN,2025,570,527,124,0.235,0.29,0.306,0.596,0.289,5,111,36,0.282,4.5,89.3,8.5,0.046999999999999986
672279,Michael Siani,St. Louis Cardinals,STL,2025,19,17,4,0.235,0.316,0.235,0.551,0.4,0,7,2,0.312,0.0,79.8,18.0,0.07700000000000001
641343,Jake Bauers,Milwaukee Brewers,MIL,2025,218,183,43,0.235,0.353,0.399,0.752,0.305,7,59,32,0.354,13.6,91.7,16.6,0.119
663757,Trent Grisham,New York Yankees,NYY,2025,581,494,116,0.235,0.348,0.464,0.812,0.253,34,137,82,0.37,14.2,91.1,16.4,0.135
667472,Dane Myers,Miami Marlins,MIA,2025,333,307,72,0.235,0.291,0.326,0.617,0.293,6,77,23,0.304,7.8,90.7,10.5,0.069
642201,Eli White,Atlanta Braves,ATL,2025,271,256,60,0.234,0.27,0.406,0.676,0.282,10,70,11,0.31,9.0,87.7,11.3,0.07599999999999998
682668,Luisangel Acuña,New York Mets,NYM,2025,193,175,41,0.234,0.293,0.274,0.567,0.295,0,37,13,0.271,1.4,87.9,3.4,0.037000000000000005
678246,Miguel Vargas,Chicago White Sox,CWS,2025,569,504,118,0.234,0.316,0.401,0.717,0.261,16,100,56,0.319,9.3,89.7,22.6,0.08499999999999999
805373,Nacho Alvarez Jr.,Atlanta Braves,ATL,2025,208,188,44,0.234,0.296,0.33,0.626,0.304,2,49,12,0.27,1.4,84.9,17.8,0.036000000000000004
700932,Kyle Manzardo,Cleveland Guardians,CLE,2025,531,470,110,0.234,0.313,0.455,0.768,0.265,27,135,48,0.322,11.8,90.3,21.3,0.088
676914,Davis Schneider,Toronto Blue Jays,TOR,2025,227,188,44,0.234,0.361,0.436,0.797,0.28,11,60,36,0.323,14.0,90.8,24.2,0.089
673490,Ha-Seong Kim,Atlanta Braves,ATL,2025,191,171,40,0.234,0.304,0.345,0.649,0.271,5,39,16,0.297,5.2,89.7,15.7,0.06299999999999997
660162,Yoán Moncada,Los Angeles Angels,LAA,2025,289,248,58,0.234,0.336,0.448,0.784,0.282,12,75,32,0.324,14.3,89.8,15.1,0.09
663457,Lars Nootbaar,St. Louis Cardinals,STL,2025,583,509,119,0.234,0.325,0.361,0.686,0.279,13,119,64,0.317,10.2,91.3,16.5,0.08299999999999999
682927,Ronny Simon,Pittsburgh Pirates,PIT,2025,88,77,18,0.234,0.299,0.273,0.572,0.281,0,15,8,0.295,6.2,88.4,10.0,0.06099999999999997
671732,Lawrence Butler,Athletics,ATH,2025,630,569,133,0.234,0.306,0.404,0.71,0.304,21,179,59,0.304,9.2,90.5,9.2,0.06999999999999998
691781,Brady House,Washington Nationals,WSH,2025,274,261,61,0.234,0.252,0.322,0.574,0.31,4,78,8,0.284,4.3,89.8,5.8,0.04999999999999996
805249,Otto Kemp,Philadelphia Phillies,PHI,2025,218,197,46,0.234,0.298,0.411,0.709,0.306,8,67,12,0.31,12.1,89.9,11.5,0.07599999999999998
668901,Mark Vientos,New York Mets,NYM,2025,463,424,99,0.233,0.289,0.413,0.702,0.277,17,115,30,0.32,11.5,91.4,11.5,0.087
663697,Jonathan India,Kansas City Royals,KC,2025,567,497,116,0.233,0.323,0.346,0.669,0.279,9,106,54,0.315,5.8,87.9,17.1,0.08199999999999999
678554,Curtis Mead,Chicago White Sox,CWS,2025,264,240,56,0.233,0.299,0.321,0.62,0.303,3,63,15,0.289,4.5,87.5,17.1,0.055999999999999966
686668,Brenton Doyle,Colorado Rockies,COL,2025,538,502,117,0.233,0.274,0.376,0.65,0.289,15,138,30,0.3,10.8,89.9,9.8,0.06699999999999998
573262,Mike Yastrzemski,Kansas City Royals,KC,2025,558,477,111,0.233,0.333,0.403,0.736,0.263,17,108,72,0.329,8.5,90.8,20.4,0.096
677587,Brayan Rocchio,Cleveland Guardians,CLE,2025,383,344,80,0.233,0.29,0.34,0.63,0.281,5,77,22,0.295,3.3,88.0,11.0,0.06199999999999997
545361,Mike Trout,Los Angeles Angels,LAA,2025,556,456,106,0.232,0.359,0.439,0.798,0.31,26,178,87,0.358,15.8,90.9,17.5,0.12599999999999997
680737,Michael Helman,Texas Rangers,TEX,2025,110,99,23,0.232,0.29,0.455,0.745,0.247,5,21,7,0.254,8.6,82.7,19.6,0.021999999999999992
542303,Marcell Ozuna,Atlanta Braves,ATL,2025,592,487,113,0.232,0.355,0.4,0.755,0.28,21,144,94,0.354,11.4,89.9,14.1,0.12199999999999997
683090,Matthew Lugo,Los Angeles Angels,LAA,2025,70,69,16,0.232,0.243,0.464,0.707,0.293,4,24,0,0.26,13.3,88.2,12.9,0.027999999999999997
694377,Nick Yorke,Pittsburgh Pirates,PIT,2025,72,69,16,0.232,0.264,0.319,0.583,0.283,1,15,3,0.257,1.9,85.6,10.5,0.024999999999999994
683083,Nasim Nuñez,Washington Nationals,WSH,2025,92,82,19,0.232,0.297,0.402,0.699,0.254,4,20,8,0.296,4.7,88.6,5.0,0.06399999999999997
696285,Jacob Young,Washington Nationals,WSH,2025,364,324,75,0.231,0.296,0.287,0.583,0.283,2,65,27,0.297,1.9,87.6,3.8,0.06599999999999998
663604,Brandon Lockridge,Milwaukee Brewers,MIL,2025,148,134,31,0.231,0.276,0.299,0.575,0.31,0,36,8,0.267,2.9,87.1,2.3,0.036000000000000004
656305,Matt Chapman,San Francisco Giants,SF,2025,535,454,105,0.231,0.34,0.43,0.77,0.27,21,126,71,0.34,9.9,92.2,15.7,0.10900000000000001
650968,Yohel Pozo,St. Louis Cardinals,STL,2025,168,160,37,0.231,0.262,0.375,0.637,0.239,5,22,7,0.276,2.2,87.7,17.8,0.04500000000000001
687231,Darell Hernaiz,Athletics,ATH,2025,197,173,40,0.231,0.292,0.306,0.598,0.25,2,24,17,0.305,3.2,85.0,6.3,0.07399999999999998
682663,Agustín Ramírez,Miami Marlins,MIA,2025,585,537,124,0.231,0.287,0.413,0.7,0.253,21,113,36,0.332,11.0,90.8,8.3,0.101
571466,Tucker Barnhart,Texas Rangers,TEX,2025,15,13,3,0.231,0.333,0.231,0.564,0.333,0,4,1,0.22,0.0,85.4,-0.5,-0.01100000000000001
656484,Tristan Gray,Tampa Bay Rays,TB,2025,86,78,18,0.231,0.282,0.41,0.692,0.263,3,19,6,0.349,13.1,91.4,18.5,0.11799999999999997
663967,César Salazar,Houston Astros,HOU,2025,16,13,3,0.231,0.375,0.231,0.606,0.273,0,2,2,0.298,0.0,82.1,11.9,0.06699999999999998
663886,Tyler Stephenson,Cincinnati Reds,CIN,2025,342,299,69,0.231,0.316,0.421,0.737,0.322,13,116,37,0.313,14.4,90.5,12.9,0.08199999999999999
596142,Gary Sánchez,Baltimore Orioles,BAL,2025,101,91,21,0.231,0.297,0.418,0.715,0.267,5,27,4,0.315,10.8,93.3,18.4,0.08399999999999999
677942,Blaze Alexander,Arizona Diamondbacks,AZ,2025,266,230,53,0.23,0.323,0.383,0.706,0.333,7,86,22,0.305,12.8,90.2,7.3,0.07499999999999998
649966,Luis Urías,Athletics,ATH,2025,330,287,66,0.23,0.315,0.338,0.653,0.245,8,45,31,0.3,3.7,86.2,14.5,0.06999999999999998
686780,Pedro Pagés,St. Louis Cardinals,STL,2025,389,361,83,0.23,0.272,0.363,0.635,0.293,11,107,19,0.259,7.3,88.0,12.4,0.028999999999999998
687401,Joey Ortiz,Milwaukee Brewers,MIL,2025,506,470,108,0.23,0.276,0.317,0.593,0.26,7,74,27,0.275,3.0,84.9,13.3,0.04500000000000001
543760,Marcus Semien,Texas Rangers,TEX,2025,534,470,108,0.23,0.305,0.364,0.669,0.251,15,93,50,0.318,6.7,88.3,19.4,0.088
672016,Denzel Clarke,Athletics,ATH,2025,159,148,34,0.23,0.274,0.372,0.646,0.369,3,61,6,0.25,6.7,90.0,4.1,0.01999999999999999
663743,Nick Fortes,Tampa Bay Rays,TB,2025,242,218,50,0.229,0.296,0.349,0.645,0.269,5,47,14,0.27,4.6,87.5,13.4,0.04100000000000001
578428,Jose Iglesias,San Diego Padres,SD,2025,343,306,70,0.229,0.298,0.294,0.592,0.269,3,56,24,0.281,2.0,84.0,3.9,0.05200000000000002
606992,Eric Haase,Milwaukee Brewers,MIL,2025,77,70,16,0.229,0.289,0.357,0.646,0.378,2,31,4,0.273,10.0,83.0,5.4,0.04400000000000001
608385,Jesse Winker,New York Mets,NYM,2025,81,70,16,0.229,0.309,0.4,0.709,0.3,1,21,9,0.277,7.8,89.5,20.5,0.048000000000000015
642133,Rowdy Tellez,Texas Rangers,TEX,2025,312,289,66,0.228,0.276,0.443,0.719,0.255,17,83,17,0.328,15.3,91.2,14.8,0.1
691785,Marcelo Mayer,Boston Red Sox,BOS,2025,136,127,29,0.228,0.272,0.402,0.674,0.301,4,41,8,0.263,9.2,90.0,6.7,0.035
683227,Cody Freeman,Texas Rangers,TEX,2025,121,114,26,0.228,0.258,0.342,0.6,0.247,3,19,5,0.264,4.1,84.9,10.6,0.036000000000000004
657557,Paul DeJong,Washington Nationals,WSH,2025,208,193,44,0.228,0.269,0.373,0.642,0.317,6,70,11,0.259,10.3,88.1,22.7,0.031
621493,Taylor Ward,Los Angeles Angels,LAA,2025,663,579,132,0.228,0.317,0.475,0.792,0.257,36,175,75,0.333,13.7,90.1,18.0,0.10500000000000001
545341,Randal Grichuk,Kansas City Royals,KC,2025,293,272,62,0.228,0.273,0.401,0.674,0.259,9,61,17,0.326,11.7,92.4,17.6,0.098
553993,Eugenio Suárez,Seattle Mariners,SEA,2025,657,588,134,0.228,0.298,0.526,0.824,0.243,49,196,46,0.32,14.3,90.2,21.9,0.092
663993,Nathaniel Lowe,Boston Red Sox,BOS,2025,609,540,123,0.228,0.307,0.381,0.688,0.285,18,159,62,0.303,7.0,89.0,10.9,0.07499999999999998
571657,Kyle Farmer,Colorado Rockies,COL,2025,300,277,63,0.227,0.28,0.365,0.645,0.268,8,66,17,0.285,6.1,87.0,15.3,0.05799999999999997
687637,Dylan Beavers,Baltimore Orioles,BAL,2025,137,110,25,0.227,0.375,0.4,0.775,0.3,4,36,26,0.344,9.3,88.8,21.2,0.11699999999999997
666969,Adolis García,Texas Rangers,TEX,2025,547,507,115,0.227,0.271,0.394,0.665,0.267,19,135,28,0.304,11.6,92.1,16.3,0.07699999999999999
669707,Jared Triolo,Pittsburgh Pirates,PIT,2025,376,331,75,0.227,0.311,0.356,0.667,0.273,7,76,39,0.31,6.2,89.0,14.7,0.08299999999999999
807713,Matt Shaw,Chicago Cubs,CHC,2025,437,393,89,0.226,0.295,0.394,0.689,0.262,13,94,38,0.302,6.9,84.9,13.4,0.07599999999999998
650489,Willi Castro,Chicago Cubs,CHC,2025,454,402,91,0.226,0.313,0.366,0.679,0.286,11,111,40,0.306,6.5,86.7,11.2,0.07999999999999999
691720,Kyle Karros,Colorado Rockies,COL,2025,156,137,31,0.226,0.308,0.277,0.585,0.309,1,41,15,0.258,1.0,87.9,12.3,0.032
677595,Ronny Mauricio,New York Mets,NYM,2025,184,168,38,0.226,0.293,0.369,0.662,0.296,6,54,15,0.286,8.8,91.2,12.7,0.05999999999999997
666181,Will Benson,Cincinnati Reds,CIN,2025,253,230,52,0.226,0.273,0.435,0.708,0.255,12,67,16,0.342,15.4,92.4,16.1,0.11600000000000002
620443,Luis Torrens,New York Mets,NYM,2025,283,261,59,0.226,0.284,0.345,0.629,0.27,5,56,19,0.338,10.7,90.6,6.2,0.11200000000000002
663368,Blake Perkins,Milwaukee Brewers,MIL,2025,171,155,35,0.226,0.298,0.348,0.646,0.305,3,47,15,0.279,3.7,89.6,6.2,0.05300000000000002
624512,Reese McGuire,Chicago Cubs,CHC,2025,140,133,30,0.226,0.245,0.444,0.689,0.212,9,27,4,0.254,9.2,85.1,15.7,0.027999999999999997
605361,Nick Martini,Colorado Rockies,COL,2025,111,102,23,0.225,0.288,0.294,0.582,0.265,1,18,9,0.253,3.6,85.7,14.6,0.027999999999999997
669242,Tommy Edman,Los Angeles Dodgers,LAD,2025,377,346,78,0.225,0.274,0.382,0.656,0.235,13,61,19,0.321,4.5,88.3,11.8,0.096
642715,Willy Adames,San Francisco Giants,SF,2025,686,591,133,0.225,0.318,0.421,0.739,0.263,30,179,80,0.327,12.6,88.9,21.1,0.10200000000000001
687515,Colby Thomas,Athletics,ATH,2025,132,120,27,0.225,0.267,0.417,0.684,0.309,6,49,7,0.278,13.3,92.2,21.2,0.05300000000000002
695238,Will Wagner,San Diego Padres,SD,2025,149,129,29,0.225,0.324,0.279,0.603,0.287,0,28,17,0.318,2.0,86.8,9.1,0.093
692585,Yanquiel Fernández,Colorado Rockies,COL,2025,147,138,31,0.225,0.265,0.348,0.613,0.297,4,44,8,0.243,8.4,88.6,8.0,0.017999999999999988
677649,Ezequiel Duran,Texas Rangers,TEX,2025,219,205,46,0.224,0.266,0.293,0.559,0.305,0,55,8,0.247,2.6,85.3,15.2,0.022999999999999993
682657,Angel Martínez,Cleveland Guardians,CLE,2025,484,446,100,0.224,0.269,0.359,0.628,0.271,11,110,23,0.255,3.5,87.1,18.4,0.031
679032,Johan Rojas,Philadelphia Phillies,PHI,2025,172,152,34,0.224,0.28,0.289,0.569,0.289,1,40,13,0.265,3.4,87.9,7.4,0.04100000000000001
688363,Graham Pauley,Miami Marlins,MIA,2025,184,161,36,0.224,0.311,0.366,0.677,0.262,4,36,21,0.299,5.5,86.6,17.3,0.07499999999999998
690987,Robert Hassell III,Washington Nationals,WSH,2025,206,197,44,0.223,0.257,0.315,0.572,0.311,3,62,8,0.273,8.1,88.6,7.2,0.05000000000000002
692225,Kristian Campbell,Boston Red Sox,BOS,2025,263,229,51,0.223,0.319,0.345,0.664,0.296,6,72,29,0.296,5.1,88.6,4.7,0.07299999999999998
621438,Tyrone Taylor,New York Mets,NYM,2025,341,310,69,0.223,0.279,0.319,0.598,0.286,2,76,16,0.298,3.8,86.5,19.4,0.07499999999999998
673357,Luis Robert Jr.,Chicago White Sox,CWS,2025,431,382,85,0.223,0.297,0.364,0.661,0.274,14,112,40,0.321,10.2,89.4,18.2,0.098
672275,Patrick Bailey,San Francisco Giants,SF,2025,452,409,91,0.222,0.277,0.325,0.602,0.308,6,133,30,0.264,5.6,88.2,15.6,0.04200000000000001
666915,Bobby Dalbec,Chicago White Sox,CWS,2025,21,18,4,0.222,0.333,0.278,0.611,0.333,0,6,3,0.245,0.0,84.6,22.7,0.022999999999999993
669374,Keston Hiura,Colorado Rockies,COL,2025,21,18,4,0.222,0.333,0.278,0.611,0.364,0,7,0,0.242,0.0,81.1,21.5,0.01999999999999999
680716,Jonathan Ornelas,Atlanta Braves,ATL,2025,10,9,2,0.222,0.3,0.222,0.522,0.333,0,3,1,0.143,0.0,81.2,-12.5,-0.07900000000000001
669234,Justyn-Henry Malloy,Detroit Tigers,DET,2025,127,104,23,0.221,0.346,0.308,0.654,0.301,1,32,20,0.295,4.1,86.9,20.5,0.07399999999999998
669397,Nick Allen,Atlanta Braves,ATL,2025,416,371,82,0.221,0.284,0.251,0.535,0.298,0,99,31,0.252,0.0,84.8,13.3,0.031
682641,Luis Matos,San Francisco Giants,SF,2025,184,172,38,0.221,0.266,0.424,0.69,0.217,8,27,11,0.274,7.5,88.0,14.1,0.05300000000000002
668800,Andrew Knizner,San Francisco Giants,SF,2025,88,77,17,0.221,0.299,0.299,0.598,0.239,1,10,7,0.278,1.4,84.2,16.0,0.05700000000000002
668939,Adley Rutschman,Baltimore Orioles,BAL,2025,365,322,71,0.22,0.307,0.366,0.673,0.24,9,57,40,0.325,7.5,89.4,13.7,0.10500000000000001
660757,Oscar Gonzalez,San Diego Padres,SD,2025,61,59,13,0.22,0.246,0.237,0.483,0.283,0,13,2,0.298,6.5,89.1,2.5,0.07799999999999999
670097,Zack Short,Houston Astros,HOU,2025,56,50,11,0.22,0.291,0.38,0.671,0.3,2,18,4,0.241,3.0,86.2,20.9,0.02099999999999999
672356,Gabriel Arias,Cleveland Guardians,CLE,2025,471,432,95,0.22,0.274,0.363,0.637,0.319,11,162,27,0.286,11.3,90.2,6.1,0.06599999999999998
670764,Taylor Walls,Tampa Bay Rays,TB,2025,317,282,62,0.22,0.28,0.319,0.599,0.271,4,70,26,0.261,3.2,87.0,15.1,0.04100000000000001
656577,Alex Jackson,Baltimore Orioles,BAL,2025,100,91,20,0.22,0.29,0.473,0.763,0.306,5,37,5,0.27,14.8,88.3,14.3,0.05000000000000002
666397,Edouard Julien,Minnesota Twins,MIN,2025,208,182,40,0.22,0.309,0.324,0.633,0.311,3,61,22,0.329,12.2,89.2,6.1,0.10900000000000001
666139,Josh Lowe,Tampa Bay Rays,TB,2025,435,396,87,0.22,0.283,0.366,0.649,0.273,11,109,33,0.298,5.9,88.6,9.3,0.07799999999999999
680574,Matt McLain,Cincinnati Reds,CIN,2025,577,510,112,0.22,0.3,0.343,0.643,0.292,15,167,55,0.29,7.7,88.8,16.3,0.06999999999999998
692216,CJ Kayfus,Cleveland Guardians,CLE,2025,138,123,27,0.22,0.292,0.415,0.707,0.28,4,38,11,0.322,9.2,88.7,16.4,0.10200000000000001
671655,George Valera,Cleveland Guardians,CLE,2025,48,41,9,0.22,0.333,0.415,0.748,0.269,2,13,7,0.272,3.6,91.1,2.2,0.05200000000000002
669224,Austin Wells,New York Yankees,NYY,2025,448,401,88,0.219,0.275,0.436,0.711,0.245,21,118,30,0.294,10.2,90.6,20.7,0.07499999999999998
666624,Christopher Morel,Tampa Bay Rays,TB,2025,305,278,61,0.219,0.289,0.396,0.685,0.316,11,109,25,0.304,14.8,91.8,17.0,0.08499999999999999
467793,Carlos Santana,Chicago Cubs,CHC,2025,474,415,91,0.219,0.308,0.325,0.633,0.252,11,91,52,0.29,4.9,87.6,16.7,0.07099999999999998
457759,Justin Turner,Chicago Cubs,CHC,2025,191,169,37,0.219,0.288,0.314,0.602,0.256,3,37,17,0.297,3.7,88.3,17.9,0.07799999999999999
666150,Dominic Fletcher,Chicago White Sox,CWS,2025,34,32,7,0.219,0.265,0.469,0.734,0.207,1,2,2,0.289,3.3,89.1,15.8,0.06999999999999998
642136,Matt Thaiss,Tampa Bay Rays,TB,2025,190,156,34,0.218,0.349,0.288,0.637,0.3,1,46,29,0.294,4.5,88.9,14.3,0.07599999999999998
672744,Alexander Canario,Pittsburgh Pirates,PIT,2025,234,216,47,0.218,0.274,0.338,0.612,0.313,6,80,17,0.295,12.4,87.4,10.5,0.07699999999999999
645305,Ali Sánchez,Boston Red Sox,BOS,2025,23,23,5,0.217,0.217,0.304,0.521,0.294,0,6,0,0.255,17.6,88.3,15.1,0.038000000000000006
691723,Coby Mayo,Baltimore Orioles,BAL,2025,294,263,57,0.217,0.299,0.388,0.687,0.274,11,84,27,0.289,10.1,87.3,20.7,0.07199999999999998
666149,Tyler Fitzgerald,San Francisco Giants,SF,2025,243,217,47,0.217,0.278,0.327,0.605,0.299,4,70,17,0.242,4.5,84.5,17.0,0.024999999999999994
656537,Derek Hill,Chicago White Sox,CWS,2025,149,134,29,0.216,0.281,0.328,0.609,0.313,3,48,9,0.309,11.2,91.2,6.8,0.093
596103,Austin Slater,New York Yankees,NYY,2025,160,148,32,0.216,0.27,0.372,0.642,0.293,5,51,11,0.332,14.3,92.0,7.7,0.11600000000000002
656775,Cedric Mullins,New York Mets,NYM,2025,498,435,94,0.216,0.299,0.391,0.69,0.253,17,120,50,0.284,6.2,88.8,23.3,0.06799999999999998
687363,Victor Scott II,St. Louis Cardinals,STL,2025,463,398,86,0.216,0.305,0.296,0.601,0.284,5,111,42,0.287,3.7,86.1,15.2,0.07099999999999998
596146,Max Kepler,Philadelphia Phillies,PHI,2025,474,417,90,0.216,0.3,0.391,0.691,0.232,18,93,48,0.332,11.6,90.8,16.3,0.11600000000000002
656413,Stuart Fairchild,Atlanta Braves,ATL,2025,55,51,11,0.216,0.273,0.333,0.606,0.306,0,15,4,0.264,13.9,88.1,24.4,0.048000000000000015
643376,Danny Jansen,Milwaukee Brewers,MIL,2025,337,288,62,0.215,0.321,0.399,0.72,0.253,14,86,42,0.299,8.8,87.6,24.0,0.08399999999999999
624585,Jorge Soler,Los Angeles Angels,LAA,2025,315,279,60,0.215,0.293,0.387,0.68,0.273,12,94,28,0.294,12.8,89.7,13.8,0.07899999999999999
691023,Jordan Walker,St. Louis Cardinals,STL,2025,396,363,78,0.215,0.278,0.306,0.584,0.31,6,126,29,0.278,10.9,92.3,10.3,0.06300000000000003
678009,Parker Meadows,Detroit Tigers,DET,2025,213,191,41,0.215,0.291,0.33,0.621,0.28,4,56,21,0.291,5.1,86.9,12.5,0.07599999999999998
605131,Austin Barnes,Los Angeles Dodgers,LAD,2025,44,42,9,0.214,0.233,0.286,0.519,0.321,0,14,1,0.24,3.4,80.9,4.2,0.025999999999999995
641857,Ryan McMahon,New York Yankees,NYY,2025,586,509,109,0.214,0.312,0.381,0.693,0.294,20,189,70,0.322,12.1,93.3,13.9,0.10800000000000001
691777,Max Muncy,Athletics,ATH,2025,220,206,44,0.214,0.259,0.379,0.638,0.269,9,68,10,0.267,10.1,87.1,9.3,0.05300000000000002
670224,Kameron Misner,Tampa Bay Rays,TB,2025,217,197,42,0.213,0.273,0.345,0.618,0.296,5,69,16,0.247,5.3,87.6,15.0,0.034
690924,Braxton Fulford,Colorado Rockies,COL,2025,120,108,23,0.213,0.267,0.324,0.591,0.297,1,36,7,0.262,5.3,87.3,19.8,0.049000000000000016
681351,Logan O'Hoppe,Los Angeles Angels,LAA,2025,451,423,90,0.213,0.258,0.371,0.629,0.267,19,139,24,0.301,13.3,90.9,17.3,0.088
641680,Jonah Heim,Texas Rangers,TEX,2025,433,395,84,0.213,0.271,0.332,0.603,0.243,11,88,32,0.276,6.1,88.1,14.5,0.06300000000000003
665019,Kody Clemens,Minnesota Twins,MIN,2025,386,348,74,0.213,0.281,0.434,0.715,0.231,19,93,29,0.331,12.0,91.5,16.7,0.11800000000000002
592192,Mark Canha,Kansas City Royals,KC,2025,125,113,24,0.212,0.272,0.265,0.537,0.256,1,24,7,0.268,2.2,86.6,19.9,0.05600000000000002
696030,Alejandro Osuna,Texas Rangers,TEX,2025,176,151,32,0.212,0.313,0.278,0.591,0.256,2,34,21,0.341,5.9,88.9,12.0,0.12900000000000003
668709,JJ Bleday,Athletics,ATH,2025,344,307,65,0.212,0.294,0.404,0.698,0.251,14,91,36,0.276,7.8,88.7,20.5,0.06400000000000003
683011,Anthony Volpe,New York Yankees,NYY,2025,596,539,114,0.212,0.272,0.391,0.663,0.252,19,150,43,0.301,10.5,89.3,12.4,0.089
666134,Nolan Jones,Cleveland Guardians,CLE,2025,403,355,75,0.211,0.296,0.304,0.6,0.292,5,113,39,0.301,8.5,90.8,13.0,0.09
702284,Cole Young,Seattle Mariners,SEA,2025,257,223,47,0.211,0.302,0.305,0.607,0.247,4,47,28,0.297,5.6,87.6,17.2,0.086
542932,Jon Berti,Chicago Cubs,CHC,2025,107,100,21,0.21,0.262,0.23,0.492,0.269,0,22,5,0.28,2.6,87.5,1.5,0.07000000000000003
682729,Jonatan Clase,Toronto Blue Jays,TOR,2025,112,100,21,0.21,0.288,0.3,0.588,0.271,2,28,10,0.284,6.8,86.0,17.4,0.07399999999999998
676801,Chas McCormick,Houston Astros,HOU,2025,116,100,21,0.21,0.279,0.29,0.569,0.29,1,31,9,0.299,5.3,85.8,21.9,0.089
665926,Andrés Giménez,Toronto Blue Jays,TOR,2025,369,329,69,0.21,0.285,0.313,0.598,0.239,7,66,25,0.308,3.0,86.3,11.0,0.098
665561,Rafael Marchán,Philadelphia Phillies,PHI,2025,118,105,22,0.21,0.282,0.305,0.587,0.23,2,17,10,0.261,2.2,85.6,11.1,0.05100000000000002
607680,Kevin Pillar,Texas Rangers,TEX,2025,43,43,9,0.209,0.209,0.256,0.465,0.257,0,8,0,0.216,2.9,86.1,14.9,0.007000000000000006
665839,Enmanuel Valdez,Pittsburgh Pirates,PIT,2025,102,91,19,0.209,0.294,0.363,0.657,0.233,2,16,11,0.327,8.0,89.8,15.7,0.11800000000000002
641598,Mitch Garver,Seattle Mariners,SEA,2025,290,254,53,0.209,0.297,0.343,0.64,0.262,9,80,30,0.298,7.9,91.5,19.4,0.089
679845,Nick Loftin,Kansas City Royals,KC,2025,188,168,35,0.208,0.278,0.357,0.635,0.223,4,27,14,0.294,6.3,88.2,14.0,0.086
686611,Dylan Crews,Washington Nationals,WSH,2025,322,293,61,0.208,0.28,0.352,0.632,0.246,10,76,24,0.307,9.7,89.7,8.5,0.099
687952,Christian Encarnacion-Strand,Cincinnati Reds,CIN,2025,137,130,27,0.208,0.234,0.377,0.611,0.223,6,32,3,0.275,9.0,87.9,21.0,0.06700000000000003
669087,Sam Huff,San Francisco Giants,SF,2025,58,53,11,0.208,0.259,0.34,0.599,0.333,2,25,4,0.253,13.8,89.3,4.1,0.04500000000000001
669003,Garrett Mitchell,Milwaukee Brewers,MIL,2025,78,68,14,0.206,0.286,0.294,0.58,0.318,0,25,7,0.288,6.7,90.4,10.8,0.08199999999999999
682177,Daniel Schneemann,Cleveland Guardians,CLE,2025,422,379,78,0.206,0.283,0.354,0.637,0.263,12,117,38,0.297,11.4,88.9,10.9,0.091
642180,Tyler Wade,San Diego Padres,SD,2025,127,107,22,0.206,0.309,0.252,0.561,0.289,0,31,15,0.247,0.0,82.6,8.3,0.04100000000000001
669357,Nolan Gorman,St. Louis Cardinals,STL,2025,402,351,72,0.205,0.296,0.37,0.666,0.283,14,136,47,0.296,9.1,89.6,22.3,0.091
676044,Bob Seymour,Tampa Bay Rays,TB,2025,83,78,16,0.205,0.253,0.282,0.535,0.333,1,32,4,0.236,0.0,89.5,11.9,0.031
641313,Tim Anderson,Los Angeles Angels,LAA,2025,90,83,17,0.205,0.258,0.241,0.499,0.315,0,29,3,0.219,0.0,88.6,0.7,0.014000000000000012
665750,Leody Taveras,Seattle Mariners,SEA,2025,180,171,35,0.205,0.226,0.304,0.53,0.269,3,50,5,0.232,6.4,88.5,21.2,0.027000000000000024
687221,Dalton Rushing,Los Angeles Dodgers,LAD,2025,155,142,29,0.204,0.258,0.324,0.582,0.305,4,58,10,0.283,14.0,90.8,17.2,0.07899999999999999
455117,Martín Maldonado,San Diego Padres,SD,2025,161,147,30,0.204,0.245,0.327,0.572,0.302,4,57,8,0.251,9.4,86.0,16.1,0.047000000000000014
553869,Elias Díaz,San Diego Padres,SD,2025,283,255,52,0.204,0.27,0.337,0.607,0.25,9,74,21,0.267,7.5,88.4,17.7,0.06300000000000003
664983,Jake McCarthy,Arizona Diamondbacks,AZ,2025,222,206,42,0.204,0.247,0.345,0.592,0.233,4,40,10,0.286,5.3,84.7,6.5,0.08199999999999999
691185,Maximo Acosta,Miami Marlins,MIA,2025,61,54,11,0.204,0.295,0.389,0.684,0.235,3,17,6,0.349,13.5,93.5,9.9,0.145
641943,Joshua Palacios,Chicago White Sox,CWS,2025,145,128,26,0.203,0.292,0.305,0.597,0.258,3,36,12,0.299,8.6,88.3,11.0,0.09599999999999997
669326,Bryce Teodosio,Los Angeles Angels,LAA,2025,150,138,28,0.203,0.248,0.304,0.552,0.293,1,47,5,0.222,4.3,84.3,12.9,0.01899999999999999
666185,Dylan Carlson,Baltimore Orioles,BAL,2025,241,217,44,0.203,0.278,0.336,0.614,0.241,6,54,21,0.285,6.7,88.4,16.7,0.08199999999999996
571771,Enrique Hernández,Los Angeles Dodgers,LAD,2025,256,232,47,0.203,0.255,0.366,0.621,0.233,10,68,18,0.287,9.4,90.3,16.3,0.08399999999999996
641555,J.C. Escarra,New York Yankees,NYY,2025,98,84,17,0.202,0.296,0.333,0.629,0.214,2,14,11,0.3,5.6,90.8,11.5,0.09799999999999998
670242,Matt Wallner,Minnesota Twins,MIN,2025,392,336,68,0.202,0.311,0.464,0.775,0.228,22,114,46,0.325,13.8,91.0,21.1,0.123
670042,Luke Raley,Seattle Mariners,SEA,2025,219,183,37,0.202,0.319,0.311,0.63,0.284,4,64,19,0.312,10.6,89.5,9.8,0.10999999999999999
606115,Orlando Arcia,Colorado Rockies,COL,2025,214,203,41,0.202,0.238,0.291,0.529,0.247,3,47,10,0.236,2.5,87.4,7.0,0.033999999999999975
621028,Kevin Newman,Los Angeles Angels,LAA,2025,116,114,23,0.202,0.209,0.272,0.481,0.236,2,23,1,0.218,2.2,86.6,9.2,0.015999999999999986
694374,Tim Tawa,Arizona Diamondbacks,AZ,2025,225,199,40,0.201,0.274,0.347,0.621,0.252,7,64,20,0.29,9.3,89.2,6.8,0.08899999999999997
664238,Dylan Moore,Texas Rangers,TEX,2025,243,219,44,0.201,0.267,0.374,0.641,0.256,11,82,20,0.262,8.6,84.8,21.3,0.061
669208,Ryan Bliss,Seattle Mariners,SEA,2025,39,35,7,0.2,0.282,0.314,0.596,0.261,1,11,4,0.297,12.5,89.0,10.2,0.09699999999999998
688760,Blaine Crim,Colorado Rockies,COL,2025,74,65,13,0.2,0.27,0.462,0.732,0.235,5,28,6,0.322,15.4,92.2,14.9,0.122
666464,Jerar Encarnacion,San Francisco Giants,SF,2025,56,55,11,0.2,0.214,0.364,0.578,0.237,2,15,1,0.297,5.0,90.8,4.0,0.09699999999999998
804668,Rafael Flores Jr.,Pittsburgh Pirates,PIT,2025,17,15,3,0.2,0.294,0.333,0.627,0.375,0,7,2,0.361,12.5,94.8,14.0,0.16099999999999998
687957,Dustin Harris,Texas Rangers,TEX,2025,43,40,8,0.2,0.256,0.35,0.606,0.269,1,13,3,0.231,3.7,86.9,16.1,0.031
641856,Billy McKinney,Texas Rangers,TEX,2025,21,20,4,0.2,0.238,0.25,0.488,0.211,0,1,1,0.346,0.0,87.0,16.0,0.14599999999999996
663796,Coco Montes,Tampa Bay Rays,TB,2025,10,10,2,0.2,0.2,0.2,0.4,0.286,0,3,0,0.259,0.0,90.3,-3.5,0.059
678894,Liover Peguero,Pittsburgh Pirates,PIT,2025,88,80,16,0.2,0.273,0.363,0.636,0.235,4,25,6,0.246,9.1,85.7,6.5,0.045999999999999985
572191,Michael A. Taylor,Chicago White Sox,CWS,2025,325,295,59,0.2,0.259,0.366,0.625,0.281,9,110,23,0.271,10.5,90.8,17.9,0.07100000000000001
681584,David Villar,San Francisco Giants,SF,2025,25,20,4,0.2,0.36,0.25,0.61,0.267,0,5,4,0.337,6.7,81.6,-0.1,0.137
665833,Oneil Cruz,Pittsburgh Pirates,PIT,2025,544,471,94,0.2,0.298,0.378,0.676,0.262,20,174,64,0.324,17.9,95.8,8.1,0.124
669221,Sean Murphy,Atlanta Braves,ATL,2025,337,291,58,0.199,0.3,0.409,0.709,0.243,16,105,35,0.314,13.2,89.1,10.6,0.11499999999999999
641933,Tyler O'Neill,Baltimore Orioles,BAL,2025,209,181,36,0.199,0.292,0.392,0.684,0.218,9,51,22,0.36,16.5,88.8,22.2,0.16099999999999998
624424,Michael Conforto,Los Angeles Dodgers,LAD,2025,486,418,83,0.199,0.305,0.333,0.638,0.247,12,121,56,0.33,9.7,89.9,12.9,0.131
642215,Weston Wilson,Philadelphia Phillies,PHI,2025,125,111,22,0.198,0.282,0.369,0.651,0.236,5,34,12,0.33,10.3,89.4,14.4,0.132
666152,David Hamilton,Boston Red Sox,BOS,2025,194,177,35,0.198,0.257,0.333,0.59,0.234,6,47,13,0.26,6.0,86.6,14.3,0.062
695681,Christian Moore,Los Angeles Angels,LAA,2025,184,162,32,0.198,0.284,0.37,0.654,0.266,7,62,19,0.282,6.9,88.9,14.6,0.08399999999999996
671286,Johnathan Rodríguez,Cleveland Guardians,CLE,2025,77,71,14,0.197,0.26,0.366,0.626,0.255,2,22,6,0.282,6.1,92.1,-1.9,0.08499999999999996
518595,Travis d'Arnaud,Los Angeles Angels,LAA,2025,231,213,42,0.197,0.255,0.343,0.598,0.269,6,74,13,0.269,11.4,88.2,17.9,0.07200000000000001
680474,Max Schuemann,Athletics,ATH,2025,213,183,36,0.197,0.295,0.273,0.568,0.231,2,35,22,0.297,2.6,87.3,12.4,0.09999999999999998
666211,Taylor Trammell,Houston Astros,HOU,2025,135,117,23,0.197,0.296,0.333,0.629,0.27,3,41,17,0.271,7.8,91.0,15.5,0.07400000000000001
656541,Sam Hilliard,Colorado Rockies,COL,2025,61,51,10,0.196,0.328,0.412,0.74,0.308,2,23,10,0.301,17.9,93.5,15.6,0.10499999999999998
670231,John Rave,Kansas City Royals,KC,2025,175,153,30,0.196,0.283,0.307,0.59,0.25,4,46,18,0.302,5.5,88.3,8.4,0.10599999999999998
700242,Trey Sweeney,Detroit Tigers,DET,2025,326,296,58,0.196,0.258,0.291,0.549,0.257,6,92,26,0.245,6.7,87.9,11.9,0.04899999999999999
681297,Colton Cowser,Baltimore Orioles,BAL,2025,360,327,64,0.196,0.269,0.385,0.654,0.262,16,128,27,0.293,14.1,90.9,13.8,0.09699999999999998
680837,Ryan Fitzgerald,Minnesota Twins,MIN,2025,53,46,9,0.196,0.302,0.457,0.759,0.147,4,8,7,0.343,13.2,89.1,16.6,0.14700000000000002
663662,Daz Cameron,Milwaukee Brewers,MIL,2025,42,41,8,0.195,0.214,0.293,0.507,0.259,1,13,1,0.263,7.1,91.9,20.4,0.068
685301,Matt Gorski,Pittsburgh Pirates,PIT,2025,42,41,8,0.195,0.214,0.39,0.604,0.261,2,16,1,0.253,12.0,85.3,8.4,0.057999999999999996
666310,Bo Naylor,Cleveland Guardians,CLE,2025,414,359,70,0.195,0.282,0.379,0.661,0.222,14,99,45,0.292,9.7,89.6,21.3,0.09699999999999998
622569,Pablo Reyes,New York Yankees,NYY,2025,34,31,6,0.194,0.242,0.226,0.468,0.286,0,10,2,0.236,4.5,87.8,16.5,0.04199999999999998
678011,Anthony Seigler,Milwaukee Brewers,MIL,2025,73,62,12,0.194,0.292,0.21,0.502,0.255,0,16,8,0.305,2.1,89.3,10.6,0.11099999999999999
683357,Owen Caissie,Chicago Cubs,CHC,2025,27,26,5,0.192,0.222,0.346,0.568,0.286,1,11,1,0.232,13.3,87.3,14.0,0.04000000000000001
677008,Heston Kjerstad,Baltimore Orioles,BAL,2025,167,156,30,0.192,0.24,0.327,0.567,0.241,4,45,6,0.29,8.0,88.8,12.7,0.09799999999999998
669717,Will Wilson,Cleveland Guardians,CLE,2025,91,78,15,0.192,0.267,0.244,0.511,0.341,0,34,7,0.219,2.0,87.6,22.0,0.026999999999999996
650559,Bryan De La Cruz,Atlanta Braves,ATL,2025,50,47,9,0.191,0.24,0.213,0.453,0.31,0,18,3,0.245,6.9,91.5,15.6,0.05399999999999999
663898,Brendan Rodgers,Houston Astros,HOU,2025,128,115,22,0.191,0.266,0.278,0.544,0.294,2,46,11,0.296,14.3,90.5,10.8,0.10499999999999998
702176,Alan Roden,Minnesota Twins,MIN,2025,153,136,26,0.191,0.261,0.294,0.555,0.24,2,37,8,0.227,2.0,86.4,2.3,0.036000000000000004
690976,Alex Freeland,Los Angeles Dodgers,LAD,2025,97,84,16,0.19,0.292,0.31,0.602,0.298,2,35,11,0.26,8.0,90.7,20.7,0.07
694203,Denzer Guzman,Los Angeles Angels,LAA,2025,43,42,8,0.19,0.209,0.357,0.566,0.333,2,22,1,0.214,15.0,86.5,25.8,0.023999999999999994
677347,Kyren Paris,Los Angeles Angels,LAA,2025,140,126,24,0.19,0.266,0.381,0.647,0.295,6,59,10,0.265,16.4,88.9,17.8,0.07500000000000001
665923,Esteury Ruiz,Los Angeles Dodgers,LAD,2025,23,21,4,0.19,0.261,0.333,0.594,0.25,1,8,2,0.249,7.7,81.5,9.0,0.059
657136,Connor Wong,Boston Red Sox,BOS,2025,188,168,32,0.19,0.262,0.238,0.5,0.25,0,42,16,0.266,3.1,85.5,10.4,0.07600000000000001
687551,Drew Gilbert,San Francisco Giants,SF,2025,109,100,19,0.19,0.248,0.35,0.598,0.205,3,20,7,0.27,4.9,86.6,11.3,0.08000000000000002
669911,Michael Toglia,Colorado Rockies,COL,2025,337,306,58,0.19,0.258,0.353,0.611,0.285,11,132,28,0.271,10.2,89.9,17.7,0.08100000000000002
543877,Christian Vázquez,Minnesota Twins,MIN,2025,214,190,36,0.189,0.271,0.274,0.545,0.214,3,35,18,0.271,3.8,85.9,15.3,0.08200000000000002
669288,Daniel Johnson,Baltimore Orioles,BAL,2025,57,53,10,0.189,0.246,0.302,0.548,0.231,1,13,4,0.305,12.5,89.3,13.9,0.11599999999999999
683748,Victor Mesa Jr.,Miami Marlins,MIA,2025,38,32,6,0.188,0.297,0.344,0.641,0.192,1,5,5,0.334,7.1,91.1,14.1,0.14600000000000002
668845,Aaron Schunk,Colorado Rockies,COL,2025,33,32,6,0.188,0.188,0.219,0.407,0.273,0,10,0,0.229,4.3,85.9,24.3,0.04100000000000001
669398,Gage Workman,Chicago White Sox,CWS,2025,17,16,3,0.188,0.235,0.25,0.485,0.333,0,7,1,0.312,11.1,89.8,18.9,0.124
668670,Jake Rogers,Detroit Tigers,DET,2025,142,123,23,0.187,0.277,0.333,0.61,0.241,3,39,15,0.274,9.2,89.5,17.2,0.08700000000000002
645444,Jose Herrera,Arizona Diamondbacks,AZ,2025,204,166,31,0.187,0.285,0.259,0.544,0.242,2,47,23,0.237,0.8,83.9,16.2,0.04999999999999999
656180,Riley Adams,Washington Nationals,WSH,2025,286,263,49,0.186,0.252,0.308,0.56,0.283,8,110,18,0.275,10.5,91.8,9.1,0.08900000000000002
680862,Willie MacIver,Athletics,ATH,2025,111,102,19,0.186,0.252,0.324,0.576,0.222,3,27,7,0.256,4.0,88.8,10.2,0.07
676724,Jared Young,New York Mets,NYM,2025,47,43,8,0.186,0.234,0.488,0.722,0.167,4,16,2,0.296,14.3,84.6,23.0,0.10999999999999999
621035,Chris Taylor,Los Angeles Angels,LAA,2025,125,113,21,0.186,0.256,0.301,0.557,0.271,2,42,5,0.27,6.9,85.9,18.6,0.08400000000000002
656582,Connor Joe,Cincinnati Reds,CIN,2025,80,70,13,0.186,0.263,0.243,0.506,0.25,0,20,7,0.276,5.8,89.3,13.8,0.09000000000000002
689172,Brett Wisely,Atlanta Braves,ATL,2025,63,54,10,0.185,0.279,0.315,0.594,0.231,1,14,7,0.284,7.1,87.3,25.4,0.09899999999999998
664913,Seth Brown,Athletics,ATH,2025,76,65,12,0.185,0.303,0.262,0.565,0.268,1,23,9,0.295,9.5,87.2,18.7,0.10999999999999999
543592,Austin Nola,Colorado Rockies,COL,2025,41,38,7,0.184,0.225,0.211,0.436,0.212,0,5,2,0.275,0.0,87.5,11.0,0.09100000000000003
671213,Triston Casas,Boston Red Sox,BOS,2025,112,99,18,0.182,0.277,0.303,0.58,0.217,3,27,11,0.304,9.7,87.6,15.1,0.122
665953,Andrés Chaparro,Washington Nationals,WSH,2025,73,66,12,0.182,0.247,0.258,0.505,0.25,1,22,5,0.254,11.1,86.0,16.5,0.07200000000000001
691783,Jordan Lawlar,Arizona Diamondbacks,AZ,2025,74,66,12,0.182,0.257,0.288,0.545,0.293,0,26,6,0.253,4.9,87.0,17.2,0.07100000000000001
592669,Hunter Renfroe,Kansas City Royals,KC,2025,108,99,18,0.182,0.241,0.242,0.483,0.228,0,21,8,0.257,6.3,88.5,17.0,0.07500000000000001
665861,Sebastián Rivero,Los Angeles Angels,LAA,2025,34,33,6,0.182,0.206,0.242,0.448,0.25,0,9,1,0.204,8.3,86.9,15.3,0.021999999999999992
683021,Michael Stefanic,Toronto Blue Jays,TOR,2025,25,22,4,0.182,0.28,0.182,0.462,0.211,0,3,3,0.283,5.3,90.7,10.6,0.10099999999999998
592626,Joc Pederson,Texas Rangers,TEX,2025,306,265,48,0.181,0.285,0.328,0.613,0.203,9,65,34,0.315,9.5,91.2,16.9,0.134
663584,Hayden Senger,New York Mets,NYM,2025,78,72,13,0.181,0.221,0.194,0.415,0.255,0,22,3,0.259,3.8,88.6,9.7,0.07800000000000001
668942,Josh Rojas,Chicago White Sox,CWS,2025,211,189,34,0.18,0.252,0.259,0.511,0.227,2,48,19,0.263,3.5,89.6,13.4,0.08300000000000002
701675,Nathan Church,St. Louis Cardinals,STL,2025,65,56,10,0.179,0.254,0.25,0.504,0.237,1,18,3,0.247,2.4,89.0,5.4,0.068
622761,Jorge Mateo,Baltimore Orioles,BAL,2025,83,79,14,0.177,0.217,0.266,0.483,0.271,1,30,4,0.206,4.1,85.3,9.8,0.028999999999999998
691182,Adael Amador,Colorado Rockies,COL,2025,128,113,20,0.177,0.256,0.265,0.521,0.224,1,27,11,0.269,3.4,84.8,15.2,0.09200000000000003
680769,CJ Alexander,Athletics,ATH,2025,17,17,3,0.176,0.176,0.176,0.352,0.333,0,8,0,0.181,0.0,81.7,24.5,0.0050000000000000044
518792,Jason Heyward,San Diego Padres,SD,2025,95,85,15,0.176,0.223,0.271,0.494,0.197,2,20,6,0.245,4.4,85.1,11.5,0.069
623993,Anthony Santander,Toronto Blue Jays,TOR,2025,221,194,34,0.175,0.271,0.294,0.565,0.219,6,61,25,0.265,4.5,89.6,18.5,0.09000000000000002
670223,Matt Mervis,Miami Marlins,MIA,2025,134,120,21,0.175,0.254,0.383,0.637,0.219,7,50,11,0.223,8.5,88.3,22.3,0.048000000000000015
676701,Alan Trejo,Colorado Rockies,COL,2025,43,40,7,0.175,0.19,0.225,0.415,0.206,0,7,1,0.244,8.6,87.9,16.1,0.069
682988,Tyler Locklear,Arizona Diamondbacks,AZ,2025,116,103,18,0.175,0.267,0.262,0.529,0.263,3,43,10,0.252,6.7,87.9,7.0,0.07700000000000001
624415,Cavan Biggio,Kansas City Royals,KC,2025,83,69,12,0.174,0.296,0.246,0.542,0.234,1,21,11,0.303,4.0,89.8,20.9,0.129
680869,Zack Gelof,Athletics,ATH,2025,101,92,16,0.174,0.23,0.272,0.502,0.311,2,46,7,0.219,12.5,88.1,15.2,0.04500000000000001
682848,Endy Rodríguez,Pittsburgh Pirates,PIT,2025,57,52,9,0.173,0.246,0.25,0.496,0.237,0,14,5,0.249,2.6,92.2,15.1,0.07600000000000001
672569,Gustavo Campero,Los Angeles Angels,LAA,2025,66,58,10,0.172,0.273,0.345,0.618,0.171,3,14,5,0.325,6.8,85.3,14.2,0.15300000000000002
676812,Carson McCusker,Minnesota Twins,MIN,2025,30,29,5,0.172,0.2,0.172,0.372,0.385,0,16,1,0.218,7.7,78.0,11.5,0.04600000000000001
700246,Carson Williams,Tampa Bay Rays,TB,2025,106,99,17,0.172,0.219,0.354,0.573,0.24,5,44,6,0.233,8.9,85.9,8.0,0.061000000000000026
681807,David Fry,Cleveland Guardians,CLE,2025,157,146,25,0.171,0.229,0.363,0.592,0.213,8,58,9,0.202,9.1,88.7,23.0,0.031
669450,Cooper Hummel,Houston Astros,HOU,2025,105,88,15,0.17,0.298,0.273,0.571,0.222,3,31,14,0.313,12.1,92.0,11.3,0.143
681146,Jonah Bride,Minnesota Twins,MIN,2025,125,112,19,0.17,0.248,0.188,0.436,0.257,0,39,11,0.223,2.7,87.3,11.4,0.05299999999999999
664774,LaMonte Wade Jr.,Los Angeles Angels,LAA,2025,242,209,35,0.167,0.271,0.254,0.525,0.22,2,58,27,0.281,4.5,89.7,21.9,0.11400000000000002
680118,Dairon Blanco,Kansas City Royals,KC,2025,8,6,1,0.167,0.167,0.333,0.5,0.25,0,2,0,0.175,0.0,79.1,28.3,0.00799999999999998
656248,Sean Bouchard,Colorado Rockies,COL,2025,73,66,11,0.167,0.247,0.242,0.489,0.263,1,27,7,0.227,0.0,86.6,18.1,0.06
682997,Tyler Callihan,Cincinnati Reds,CIN,2025,6,6,1,0.167,0.167,0.167,0.334,0.2,0,1,0,0.198,0.0,89.8,5.0,0.031
669722,Logan Davidson,Los Angeles Angels,LAA,2025,47,42,7,0.167,0.222,0.286,0.508,0.316,1,22,3,0.198,4.5,87.4,12.1,0.031
680779,Henry Davis,Pittsburgh Pirates,PIT,2025,283,252,42,0.167,0.234,0.278,0.512,0.203,7,76,18,0.293,11.5,88.6,23.3,0.12599999999999997
686554,Oliver Dunn,Milwaukee Brewers,MIL,2025,41,36,6,0.167,0.205,0.222,0.427,0.231,0,11,2,0.235,0.0,87.3,3.8,0.06799999999999998
695670,Harry Ford,Seattle Mariners,SEA,2025,8,6,1,0.167,0.25,0.167,0.417,0.25,0,3,0,0.281,25.0,93.9,15.2,0.11400000000000002
672284,Jarred Kelenic,Atlanta Braves,ATL,2025,65,60,10,0.167,0.231,0.3,0.531,0.229,2,23,5,0.272,13.5,89.1,16.0,0.10500000000000001
665155,Nick Maton,Chicago White Sox,CWS,2025,63,54,9,0.167,0.286,0.315,0.601,0.212,2,19,9,0.236,5.7,89.0,28.4,0.06899999999999998
694728,Brice Matthews,Houston Astros,HOU,2025,47,42,7,0.167,0.222,0.452,0.674,0.167,4,20,2,0.294,25.0,88.6,14.4,0.12699999999999997
669304,Jose Miranda,Minnesota Twins,MIN,2025,36,36,6,0.167,0.167,0.25,0.417,0.227,1,13,0,0.205,4.3,88.5,6.6,0.03799999999999998
693409,César Prieto,St. Louis Cardinals,STL,2025,6,6,1,0.167,0.167,0.167,0.334,1.0,0,5,0,0.0,0.0,,,-0.167
682868,Bryan Ramos,Chicago White Sox,CWS,2025,12,12,2,0.167,0.167,0.333,0.5,0.25,0,4,0,0.242,12.5,78.4,20.6,0.07499999999999998
664954,Brett Sullivan,Pittsburgh Pirates,PIT,2025,9,6,1,0.167,0.333,0.167,0.5,0.25,0,3,1,0.374,25.0,98.0,20.9,0.207
694212,Samuel Basallo,Baltimore Orioles,BAL,2025,118,109,18,0.165,0.229,0.33,0.559,0.187,4,30,6,0.284,8.9,89.1,13.8,0.11899999999999997
672724,Oswald Peraza,Los Angeles Angels,LAA,2025,265,244,40,0.164,0.223,0.25,0.473,0.219,5,80,17,0.248,6.7,87.1,8.0,0.08399999999999999
678877,Jhonkensy Noel,Cleveland Guardians,CLE,2025,153,148,24,0.162,0.183,0.297,0.48,0.198,6,52,4,0.202,6.2,90.3,13.8,0.04000000000000001
595978,Austin Hedges,Cleveland Guardians,CLE,2025,180,155,25,0.161,0.25,0.277,0.527,0.183,5,43,18,0.249,3.4,88.2,25.1,0.088
678391,Jorbit Vivas,New York Yankees,NYY,2025,66,56,9,0.161,0.266,0.25,0.516,0.19,1,13,5,0.308,4.7,85.9,17.4,0.147
657041,Lane Thomas,Cleveland Guardians,CLE,2025,142,125,20,0.16,0.246,0.272,0.518,0.203,4,44,14,0.243,4.8,87.8,23.5,0.08299999999999999
676679,Luis Vázquez,Baltimore Orioles,BAL,2025,53,50,8,0.16,0.208,0.24,0.448,0.2,1,14,3,0.279,11.1,89.6,7.2,0.11900000000000002
681508,Mickey Gasper,Minnesota Twins,MIN,2025,110,95,15,0.158,0.257,0.232,0.489,0.176,2,20,10,0.236,1.3,87.8,19.4,0.07799999999999999
695506,Jac Caglianone,Kansas City Royals,KC,2025,232,210,33,0.157,0.237,0.295,0.532,0.172,7,52,18,0.321,12.0,89.4,4.1,0.164
689200,Jacob Melton,Houston Astros,HOU,2025,78,70,11,0.157,0.234,0.186,0.42,0.268,0,29,6,0.24,4.9,88.1,-5.7,0.08299999999999999
592178,Kris Bryant,Colorado Rockies,COL,2025,41,39,6,0.154,0.195,0.205,0.4,0.231,0,13,2,0.217,7.7,90.8,13.0,0.063
677060,Chad Stevens,Los Angeles Angels,LAA,2025,14,13,2,0.154,0.154,0.154,0.308,0.333,0,7,0,0.163,0.0,82.2,5.0,0.009000000000000008
666163,Ben Rortvedt,Los Angeles Dodgers,LAD,2025,128,112,17,0.152,0.24,0.205,0.445,0.182,1,23,11,0.24,3.3,81.2,13.6,0.088
694362,Blake Dunn,Cincinnati Reds,CIN,2025,75,60,9,0.15,0.32,0.233,0.553,0.235,1,25,8,0.304,8.6,88.6,-0.3,0.154
641645,Luis Guillorme,Houston Astros,HOU,2025,21,20,3,0.15,0.19,0.15,0.34,0.25,0,8,1,0.25,0.0,88.1,5.2,0.1
664068,Scott Kingery,Los Angeles Angels,LAA,2025,29,27,4,0.148,0.207,0.185,0.392,0.25,0,11,2,0.196,6.3,86.1,9.1,0.048000000000000015
676439,Hunter Feduccia,Tampa Bay Rays,TB,2025,105,88,13,0.148,0.267,0.205,0.472,0.213,0,29,15,0.275,8.2,87.6,16.3,0.12700000000000003
669261,Jack Suwinski,Pittsburgh Pirates,PIT,2025,178,150,22,0.147,0.281,0.253,0.534,0.211,3,57,24,0.31,11.8,88.8,16.7,0.163
670092,Trenton Brooks,San Diego Padres,SD,2025,43,41,6,0.146,0.186,0.268,0.454,0.185,1,13,2,0.255,7.1,89.4,18.2,0.10900000000000001
691373,Jhostynxon Garcia,Boston Red Sox,BOS,2025,9,7,1,0.143,0.333,0.286,0.619,0.5,0,5,2,0.309,0.0,91.8,11.2,0.166
641658,Garrett Hampson,St. Louis Cardinals,STL,2025,91,77,11,0.143,0.25,0.169,0.419,0.229,0,29,11,0.217,2.0,84.3,22.5,0.07400000000000001
680911,Owen Miller,Colorado Rockies,COL,2025,17,14,2,0.143,0.294,0.143,0.437,0.2,0,4,2,0.264,0.0,76.7,-1.5,0.12100000000000002
682515,Logan Porter,San Francisco Giants,SF,2025,9,7,1,0.143,0.333,0.143,0.476,0.2,0,2,1,0.195,0.0,89.4,15.3,0.05200000000000002
644433,Chadwick Tromp,Baltimore Orioles,BAL,2025,22,21,3,0.143,0.182,0.333,0.515,0.143,1,6,1,0.213,6.7,90.2,13.2,0.07
678489,Jorge Barrosa,Arizona Diamondbacks,AZ,2025,77,71,10,0.141,0.169,0.225,0.394,0.176,1,22,2,0.193,0.0,87.8,7.7,0.05200000000000002
687478,Cam Devanney,Pittsburgh Pirates,PIT,2025,38,36,5,0.139,0.184,0.167,0.351,0.333,0,21,2,0.188,6.7,90.4,27.4,0.04899999999999999
677592,Everson Pereira,Tampa Bay Rays,TB,2025,73,65,9,0.138,0.219,0.246,0.465,0.194,2,28,7,0.242,7.9,90.5,13.2,0.10399999999999998
676480,José Barrero,St. Louis Cardinals,STL,2025,31,29,4,0.138,0.194,0.276,0.47,0.158,1,9,1,0.18,5.0,83.6,28.0,0.04199999999999998
669200,Mason McCoy,San Diego Padres,SD,2025,26,22,3,0.136,0.269,0.182,0.451,0.2,0,7,3,0.287,13.3,82.9,11.1,0.15099999999999997
607732,Jacob Stallings,Baltimore Orioles,BAL,2025,129,119,16,0.134,0.195,0.168,0.363,0.203,0,40,6,0.211,1.3,85.0,10.6,0.07699999999999999
671284,Tim Elko,Chicago White Sox,CWS,2025,72,67,9,0.134,0.194,0.328,0.522,0.152,4,30,5,0.243,10.8,90.8,3.8,0.10899999999999999
681546,James Outman,Minnesota Twins,MIN,2025,148,134,18,0.134,0.216,0.321,0.537,0.185,6,63,12,0.265,16.9,88.0,18.0,0.131
699625,Jimmy Crooks,St. Louis Cardinals,STL,2025,46,45,6,0.133,0.152,0.244,0.396,0.185,1,17,0,0.223,7.1,89.6,19.7,0.09
663897,Luke Williams,Atlanta Braves,ATL,2025,34,31,4,0.129,0.176,0.194,0.37,0.174,0,9,1,0.23,4.3,86.9,13.4,0.101
683770,Will Robertson,Chicago White Sox,CWS,2025,75,70,9,0.129,0.173,0.143,0.316,0.205,0,27,2,0.188,9.1,85.0,25.2,0.059
681962,Vinny Capra,Chicago White Sox,CWS,2025,105,96,12,0.125,0.157,0.177,0.334,0.153,1,25,3,0.211,2.6,85.9,11.2,0.086
592696,Eddie Rosario,Atlanta Braves,ATL,2025,8,8,1,0.125,0.125,0.125,0.25,0.167,0,2,0,0.329,16.7,87.3,5.8,0.20400000000000001
666165,Blake Sabol,Boston Red Sox,BOS,2025,18,16,2,0.125,0.167,0.188,0.355,0.2,0,7,1,0.208,10.0,87.8,4.0,0.08299999999999999
669392,Samad Taylor,Seattle Mariners,SEA,2025,9,8,1,0.125,0.125,0.125,0.25,0.143,0,1,0,0.184,0.0,75.7,9.9,0.059
689041,Rhylan Thomas,Seattle Mariners,SEA,2025,10,8,1,0.125,0.2,0.25,0.45,0.111,0,0,1,0.179,0.0,83.7,14.5,0.05399999999999999
622268,Donovan Walton,Philadelphia Phillies,PHI,2025,9,8,1,0.125,0.125,0.125,0.25,0.143,0,1,0,0.274,0.0,92.6,-4.0,0.14900000000000002
694376,Shay Whitcomb,Houston Astros,HOU,2025,32,32,4,0.125,0.125,0.219,0.344,0.143,1,10,0,0.198,4.5,84.5,11.4,0.07300000000000001
682183,Drew Avans,Milwaukee Brewers,MIL,2025,18,17,2,0.118,0.111,0.118,0.229,0.167,0,6,0,0.153,0.0,84.7,1.4,0.035
668731,Akil Baddoo,Detroit Tigers,DET,2025,18,17,2,0.118,0.167,0.176,0.343,0.167,0,5,1,0.277,0.0,90.3,9.1,0.15900000000000003
691728,Zac Veen,Colorado Rockies,COL,2025,37,34,4,0.118,0.189,0.235,0.424,0.158,1,14,2,0.188,5.0,90.2,18.3,0.07
677956,Rece Hinds,Cincinnati Reds,CIN,2025,44,43,5,0.116,0.136,0.279,0.415,0.15,2,21,1,0.247,18.2,92.5,4.0,0.131
600869,Jeimer Candelario,Cincinnati Reds,CIN,2025,91,80,9,0.113,0.198,0.213,0.411,0.137,2,29,9,0.213,7.5,87.3,11.4,0.09999999999999999
605204,J.D. Davis,Los Angeles Angels,LAA,2025,9,9,1,0.111,0.111,0.111,0.222,0.167,0,3,0,0.117,0.0,85.7,-0.4,0.006000000000000005
679822,Justin Foscue,Texas Rangers,TEX,2025,9,9,1,0.111,0.111,0.222,0.333,0.167,0,3,0,0.189,0.0,93.0,38.5,0.078
493329,Yuli Gurriel,San Diego Padres,SD,2025,40,36,4,0.111,0.2,0.139,0.339,0.143,0,8,4,0.19,0.0,85.1,22.4,0.079
663731,Connor Kaiser,Arizona Diamondbacks,AZ,2025,19,18,2,0.111,0.158,0.167,0.325,0.154,0,5,1,0.239,7.7,82.1,29.5,0.128
572138,Jon Singleton,Houston Astros,HOU,2025,9,9,1,0.111,0.111,0.111,0.222,0.125,0,1,0,0.279,0.0,83.5,0.5,0.16800000000000004
805811,Bryce Eldridge,San Francisco Giants,SF,2025,37,28,3,0.107,0.297,0.179,0.476,0.188,0,13,7,0.365,25.0,95.6,12.0,0.258
680577,DaShawn Keirsey Jr.,Minnesota Twins,MIN,2025,88,84,9,0.107,0.138,0.179,0.317,0.143,2,33,2,0.173,5.8,87.5,9.9,0.06599999999999999
690291,Jace Jung,Detroit Tigers,DET,2025,55,47,5,0.106,0.236,0.106,0.342,0.161,0,16,7,0.241,3.2,88.3,13.3,0.135
676116,Ryan Noda,Baltimore Orioles,BAL,2025,59,47,5,0.106,0.276,0.17,0.446,0.19,1,25,11,0.245,8.7,89.4,26.7,0.139
676070,Jacob Amaya,Chicago White Sox,CWS,2025,73,66,7,0.106,0.139,0.121,0.26,0.132,0,16,3,0.197,0.0,88.5,12.4,0.09100000000000001
668952,Ryan Kreidler,Detroit Tigers,DET,2025,44,38,4,0.105,0.19,0.105,0.295,0.211,0,19,4,0.236,4.8,89.6,16.5,0.131
677943,Will Banfield,Cincinnati Reds,CIN,2025,10,10,1,0.1,0.1,0.1,0.2,0.25,0,6,0,0.151,0.0,84.4,24.1,0.05099999999999999
694359,Niko Kavadas,Los Angeles Angels,LAA,2025,23,20,2,0.1,0.217,0.1,0.317,0.2,0,10,3,0.218,0.0,85.4,25.2,0.118
686823,Will Brennan,Cleveland Guardians,CLE,2025,13,11,1,0.091,0.231,0.091,0.322,0.1,0,1,1,0.199,0.0,82.2,8.2,0.10800000000000001
663536,Tristin English,Arizona Diamondbacks,AZ,2025,23,22,2,0.091,0.13,0.136,0.266,0.143,0,8,1,0.131,0.0,91.7,13.2,0.04000000000000001
605353,Vimael Machín,Baltimore Orioles,BAL,2025,12,11,1,0.091,0.167,0.364,0.531,0.0,1,2,1,0.286,11.1,85.4,13.2,0.19499999999999998
687529,Grant McCray,San Francisco Giants,SF,2025,26,22,2,0.091,0.16,0.182,0.342,0.167,0,11,2,0.223,15.4,85.7,15.4,0.132
669256,Nick Solak,Pittsburgh Pirates,PIT,2025,11,11,1,0.091,0.091,0.091,0.182,0.111,0,2,0,0.141,0.0,82.6,2.8,0.04999999999999999
674441,Jacob Hurtubise,Cincinnati Reds,CIN,2025,15,12,1,0.083,0.267,0.083,0.35,0.167,0,6,1,0.262,0.0,89.3,5.0,0.179
506702,Sandy León,Atlanta Braves,ATL,2025,12,12,1,0.083,0.083,0.333,0.416,0.0,1,4,0,0.159,0.0,91.3,18.5,0.076
669004,MJ Melendez,Kansas City Royals,KC,2025,65,60,5,0.083,0.154,0.167,0.321,0.111,1,23,3,0.208,8.1,90.9,25.0,0.12499999999999999
668723,Ryan Vilade,Cincinnati Reds,CIN,2025,15,13,1,0.077,0.2,0.077,0.277,0.125,0,5,2,0.295,12.5,96.6,-1.4,0.21799999999999997
668974,Maverick Handley,Baltimore Orioles,BAL,2025,47,41,3,0.073,0.133,0.073,0.206,0.125,0,18,2,0.177,0.0,83.5,4.1,0.104
672359,Tirso Ornelas,San Diego Padres,SD,2025,16,14,1,0.071,0.188,0.071,0.259,0.083,0,2,2,0.285,8.3,90.5,17.7,0.21399999999999997
677870,Leo Jiménez,Toronto Blue Jays,TOR,2025,32,29,2,0.069,0.129,0.172,0.301,0.05,1,8,2,0.24,9.1,92.0,8.4,0.17099999999999999
671083,Buddy Kennedy,Los Angeles Dodgers,LAD,2025,32,29,2,0.069,0.156,0.103,0.259,0.095,0,8,2,0.202,4.8,87.9,18.9,0.133
642350,Jose Siri,New York Mets,NYM,2025,36,32,2,0.063,0.167,0.125,0.292,0.133,0,17,4,0.205,20.0,84.9,33.3,0.142
678225,Ji Hwan Bae,Pittsburgh Pirates,PIT,2025,25,20,1,0.05,0.24,0.05,0.29,0.091,0,9,5,0.268,18.2,88.3,10.2,0.21800000000000003
670032,Nicky Lopez,Chicago Cubs,CHC,2025,28,24,1,0.042,0.179,0.042,0.221,0.05,0,4,4,0.24,0.0,84.8,-5.5,0.19799999999999998
677941,Jordyn Adams,Baltimore Orioles,BAL,2025,5,5,0,0.0,0.0,0.0,0.0,0.0,0,2,0,0.224,0.0,94.3,18.2,0.224
605113,Nick Ahmed,Texas Rangers,TEX,2025,10,9,0,0.0,0.1,0.0,0.1,0.0,0,3,1,0.201,0.0,83.4,13.2,0.201
642727,Sergio Alcántara,San Francisco Giants,SF,2025,4,4,0,0.0,0.0,0.0,0.0,0.0,0,2,0,0.05,0.0,84.2,20.6,0.05
641302,Tyler Alexander,Chicago White Sox,CWS,2025,1,1,0,0.0,0.0,0.0,0.0,0.0,0,0,0,0.055,0.0,93.6,-34.7,0.055
656185,Greg Allen,Baltimore Orioles,BAL,2025,14,14,0,0.0,0.0,0.0,0.0,0.0,0,5,0,0.142,0.0,89.9,12.0,0.142
675915,David Bañuelos,Baltimore Orioles,BAL,2025,2,1,0,0.0,0.5,0.0,0.5,,0,1,0,0.361,,,,0.361
672642,Steward Berroa,Milwaukee Brewers,MIL,2025,6,5,0,0.0,0.167,0.0,0.167,0.0,0,2,1,0.16,0.0,91.3,33.4,0.16
669134,Luis Campusano,San Diego Padres,SD,2025,27,21,0,0.0,0.222,0.0,0.222,0.0,0,11,6,0.208,0.0,87.8,-16.0,0.208
691907,Tsung-Che Cheng,Pittsburgh Pirates,PIT,2025,7,7,0,0.0,0.0,0.0,0.0,0.0,0,3,0,0.165,0.0,93.2,17.9,0.165
685744,Kenedy Corona,Houston Astros,HOU,2025,4,2,0,0.0,0.5,0.0,0.5,0.0,0,1,2,0.362,0.0,92.4,-21.1,0.362
681909,Justin Dean,Los Angeles Dodgers,LAD,2025,2,2,0,0.0,0.0,0.0,0.0,0.0,0,1,0,0.029,0.0,80.4,-39.4,0.029
605244,Aramis Garcia,Arizona Diamondbacks,AZ,2025,4,4,0,0.0,0.0,0.0,0.0,0.0,0,3,0,0.051,0.0,91.3,23.1,0.051
675659,Greg Jones,Chicago White Sox,CWS,2025,2,2,0,0.0,0.0,0.0,0.0,,0,2,0,0.0,,,,0.0
683004,Jack Leiter,Texas Rangers,TEX,2025,1,1,0,0.0,0.0,0.0,0.0,,0,1,0,0.0,,,,0.0
829272,Shinnosuke Ogasawara,Washington Nationals,WSH,2025,1,1,0,0.0,0.0,0.0,0.0,,0,1,0,0.0,,,,0.0
671976,Tristan Peters,Tampa Bay Rays,TB,2025,12,12,0,0.0,0.0,0.0,0.0,0.0,0,7,0,0.148,0.0,86.8,26.7,0.148
607067,Colin Rea,Chicago Cubs,CHC,2025,1,1,0,0.0,0.0,0.0,0.0,,0,1,0,0.0,,,,0.0
642020,Chuckie Robinson,Los Angeles Dodgers,LAD,2025,2,1,0,0.0,0.0,0.0,0.0,0.0,0,0,0,0.186,0.0,,,0.186
669432,Trevor Rogers,Baltimore Orioles,BAL,2025,2,2,0,0.0,0.0,0.0,0.0,,0,2,0,0.0,,,,0.0
691011,Drew Romo,Colorado Rockies,COL,2025,3,3,0,0.0,0.0,0.0,0.0,,0,3,0,0.0,,,,0.0
667690,C.J. Stubbs,Washington Nationals,WSH,2025,3,3,0,0.0,0.0,0.0,0.0,0.0,0,0,0,0.098,0.0,84.6,31.2,0.098
596117,Garrett Stubbs,Philadelphia Phillies,PHI,2025,1,1,0,0.0,0.0,0.0,0.0,0.0,0,0,0,0.044,0.0,67.5,-19.4,0.044
679631,Terrin Vavra,Baltimore Orioles,BAL,2025,1,1,0,0.0,0.0,0.0,0.0,0.0,0,0,0,0.6,0.0,100.6,8.2,0.6
571771,Enrique Hernández,Los Angeles Dodgers,LAD,2026,4,4,4,1.0,1.0,2.25,3.25,1.0,1,0,0,0.78,50.0,91.7,2.1,-0.21999999999999997
804668,Rafael Flores Jr.,Pittsburgh Pirates,PIT,2026,5,3,2,0.667,0.8,2.0,2.8,0.5,1,0,2,0.76,33.3,92.3,13.4,0.09299999999999997
665856,Jair Camargo,Atlanta Braves,ATL,2026,2,2,1,0.5,0.5,1.0,1.5,1.0,0,1,0,0.407,100.0,108.1,17.8,-0.09300000000000003
681909,Justin Dean,Chicago Cubs,CHC,2026,2,2,1,0.5,0.5,1.5,2.0,0.5,0,0,0,0.282,0.0,75.6,-11.5,-0.21800000000000003
694224,Gabriel Gonzalez,Minnesota Twins,MIN,2026,4,2,1,0.5,0.75,0.5,1.25,0.5,0,0,2,0.423,0.0,63.1,11.6,-0.07700000000000001
669242,Tommy Edman,Los Angeles Dodgers,LAD,2026,18,17,7,0.412,0.444,0.471,0.915,0.467,0,2,1,0.346,0.0,91.9,11.6,-0.066
813841,Jonah Cox,San Francisco Giants,SF,2026,16,15,6,0.4,0.4,0.8,1.2,0.714,1,7,0,0.389,11.1,90.0,26.2,-0.01100000000000001
683021,Michael Stefanic,Athletics,ATH,2026,5,5,2,0.4,0.4,0.4,0.8,0.5,0,1,0,0.232,0.0,88.8,-9.5,-0.168
669392,Samad Taylor,San Diego Padres,SD,2026,54,47,17,0.362,0.423,0.447,0.87,0.516,1,15,5,0.318,2.9,84.7,2.7,-0.043999999999999984
670224,Kameron Misner,Kansas City Royals,KC,2026,22,20,7,0.35,0.381,0.35,0.731,0.538,0,7,1,0.254,0.0,79.5,25.3,-0.09599999999999997
806198,Cooper Pratt,Milwaukee Brewers,MIL,2026,23,20,7,0.35,0.391,0.35,0.741,0.412,0,4,2,0.358,0.0,86.3,1.4,0.008000000000000007
683734,Andrew Vaughn,Milwaukee Brewers,MIL,2026,125,109,38,0.349,0.432,0.523,0.955,0.387,2,14,14,0.36,3.2,89.5,9.9,0.01100000000000001
622268,Donovan Walton,Los Angeles Angels,LAA,2026,74,70,24,0.343,0.37,0.557,0.927,0.375,3,11,3,0.323,6.7,86.8,14.2,-0.020000000000000018
672640,Otto Lopez,Miami Marlins,MIA,2026,331,307,103,0.336,0.369,0.472,0.841,0.378,5,48,15,0.337,6.9,90.1,7.2,0.0010000000000000009
640492,José Azócar,Atlanta Braves,ATL,2026,16,15,5,0.333,0.375,0.467,0.842,0.417,0,3,1,0.3,0.0,86.8,5.6,-0.03300000000000003
672012,Tyler Black,Milwaukee Brewers,MIL,2026,28,27,9,0.333,0.357,0.481,0.838,0.45,0,7,1,0.191,0.0,83.6,12.6,-0.14200000000000002
683079,Omar Martinez,Los Angeles Angels,LAA,2026,3,3,1,0.333,0.333,0.333,0.666,0.5,0,1,0,0.111,0.0,88.8,16.8,-0.22200000000000003
608841,Joey Meneses,Athletics,ATH,2026,3,3,1,0.333,0.333,0.333,0.666,0.333,0,0,0,0.388,0.0,98.3,19.1,0.05499999999999999
678577,Junior Perez,Chicago White Sox,CWS,2026,7,6,2,0.333,0.429,0.833,1.262,0.333,1,2,1,0.404,0.0,92.9,11.1,0.07100000000000001
664774,LaMonte Wade Jr.,Houston Astros,HOU,2026,13,12,4,0.333,0.385,0.75,1.135,0.375,1,3,1,0.3,11.1,84.6,0.0,-0.03300000000000003
808982,Jung Hoo Lee,San Francisco Giants,SF,2026,281,263,86,0.327,0.359,0.456,0.815,0.347,4,26,12,0.332,2.5,87.8,11.3,0.0050000000000000044
650490,Yandy Díaz,Tampa Bay Rays,TB,2026,317,276,90,0.326,0.407,0.511,0.918,0.348,12,42,31,0.366,7.7,90.6,6.5,0.03999999999999998
670541,Yordan Alvarez,Houston Astros,HOU,2026,343,285,92,0.323,0.431,0.639,1.07,0.328,25,58,51,0.484,18.9,94.5,18.9,0.16099999999999998
676369,Nelson Velázquez,St. Louis Cardinals,STL,2026,35,31,10,0.323,0.4,0.581,0.981,0.4,2,9,3,0.421,13.6,93.9,10.0,0.09799999999999998
650333,Luis Arraez,San Francisco Giants,SF,2026,330,297,95,0.32,0.357,0.444,0.801,0.319,3,13,18,0.303,0.3,87.2,15.0,-0.017000000000000015
656577,Alex Jackson,Minnesota Twins,MIN,2026,43,41,13,0.317,0.349,0.39,0.739,0.464,0,13,0,0.212,0.0,90.0,13.6,-0.10500000000000001
691783,Jordan Lawlar,Arizona Diamondbacks,AZ,2026,44,38,12,0.316,0.409,0.447,0.856,0.407,1,10,3,0.348,3.6,86.5,17.5,0.03199999999999997
645305,Ali Sánchez,New York Yankees,NYY,2026,21,19,6,0.316,0.381,0.421,0.802,0.5,0,7,1,0.295,0.0,81.2,16.7,-0.02100000000000002
703607,Henry Bolte,Athletics,ATH,2026,130,111,35,0.315,0.4,0.414,0.814,0.446,2,37,12,0.306,5.3,92.1,0.6,-0.009000000000000008
669016,Brandon Marsh,Philadelphia Phillies,PHI,2026,282,264,82,0.311,0.344,0.489,0.833,0.389,10,72,13,0.323,7.3,89.8,12.8,0.01200000000000001
677942,Blaze Alexander,Baltimore Orioles,BAL,2026,190,171,53,0.31,0.36,0.444,0.804,0.394,3,42,11,0.352,6.8,92.5,10.5,0.04199999999999998
687859,Troy Johnston,Colorado Rockies,COL,2026,265,236,73,0.309,0.375,0.436,0.811,0.372,3,47,22,0.332,2.6,89.1,13.7,0.02300000000000002
641820,Trey Mancini,Los Angeles Angels,LAA,2026,14,13,4,0.308,0.286,0.462,0.748,0.364,0,3,0,0.282,18.2,90.5,4.8,-0.026000000000000023
663968,Jake Mangum,Pittsburgh Pirates,PIT,2026,176,160,49,0.306,0.353,0.369,0.722,0.366,1,29,10,0.288,0.7,83.4,4.2,-0.018000000000000016
671739,Michael Harris II,Atlanta Braves,ATL,2026,266,252,77,0.306,0.338,0.516,0.854,0.341,14,54,12,0.383,15.1,92.3,11.2,0.07700000000000001
664770,Nathan Lukes,Toronto Blue Jays,TOR,2026,151,138,42,0.304,0.349,0.406,0.755,0.354,2,24,6,0.301,0.9,86.2,10.9,-0.0030000000000000027
673962,Josh Jung,Texas Rangers,TEX,2026,312,283,86,0.304,0.362,0.449,0.811,0.347,8,52,23,0.352,5.6,90.1,11.2,0.04799999999999999
670032,Nicky Lopez,Texas Rangers,TEX,2026,71,66,20,0.303,0.333,0.364,0.697,0.352,1,11,2,0.257,0.0,83.6,-0.7,-0.045999999999999985
665742,Juan Soto,New York Mets,NYM,2026,257,219,66,0.301,0.398,0.575,0.973,0.29,17,34,36,0.422,14.5,93.3,15.8,0.121
670231,John Rave,Kansas City Royals,KC,2026,13,10,3,0.3,0.462,0.9,1.362,0.333,1,3,3,0.537,40.0,101.7,23.3,0.23700000000000004
805811,Bryce Eldridge,San Francisco Giants,SF,2026,144,124,37,0.298,0.389,0.516,0.905,0.348,6,30,19,0.381,12.6,91.2,12.8,0.08300000000000002
553869,Elias Díaz,Texas Rangers,TEX,2026,49,47,14,0.298,0.306,0.511,0.817,0.324,2,9,1,0.288,8.6,87.3,13.0,-0.010000000000000009
642350,Jose Siri,Los Angeles Angels,LAA,2026,73,64,19,0.297,0.352,0.531,0.883,0.349,4,18,5,0.351,14.3,87.7,20.0,0.05399999999999999
669477,Casey Schmitt,San Francisco Giants,SF,2026,293,277,82,0.296,0.324,0.531,0.855,0.319,16,57,7,0.362,13.0,89.4,21.2,0.066
660271,Shohei Ohtani,Los Angeles Dodgers,LAD,2026,329,267,79,0.296,0.416,0.558,0.974,0.346,17,74,52,0.421,17.2,93.7,12.8,0.125
661388,William Contreras,Milwaukee Brewers,MIL,2026,314,281,83,0.295,0.357,0.413,0.77,0.318,7,39,28,0.348,7.4,90.4,12.6,0.05299999999999999
680777,Ryan Jeffers,Minnesota Twins,MIN,2026,148,122,36,0.295,0.408,0.541,0.949,0.312,7,23,23,0.389,15.8,91.2,21.0,0.09400000000000003
694192,Jackson Chourio,Milwaukee Brewers,MIL,2026,196,180,53,0.294,0.347,0.528,0.875,0.35,10,48,14,0.348,13.6,92.3,12.3,0.05399999999999999
677951,Bobby Witt Jr.,Kansas City Royals,KC,2026,337,299,88,0.294,0.368,0.465,0.833,0.333,10,57,35,0.392,11.9,93.3,16.9,0.09800000000000003
663604,Brandon Lockridge,Milwaukee Brewers,MIL,2026,96,85,25,0.294,0.368,0.341,0.709,0.417,0,25,10,0.277,1.6,86.2,1.2,-0.01699999999999996
502671,Paul Goldschmidt,New York Yankees,NYY,2026,203,184,54,0.293,0.355,0.543,0.898,0.316,12,40,15,0.351,11.9,87.0,15.9,0.057999999999999996
693304,Nick Gonzales,Pittsburgh Pirates,PIT,2026,292,270,79,0.293,0.342,0.374,0.716,0.352,3,52,16,0.328,3.2,86.1,7.1,0.03500000000000003
676391,Ernie Clement,Toronto Blue Jays,TOR,2026,306,294,86,0.293,0.314,0.439,0.753,0.307,7,32,10,0.267,2.7,85.4,15.9,-0.025999999999999968
664983,Jake McCarthy,Colorado Rockies,COL,2026,222,202,59,0.292,0.333,0.46,0.793,0.342,5,42,13,0.313,4.8,84.5,13.7,0.02100000000000002
682985,Riley Greene,Detroit Tigers,DET,2026,327,281,82,0.292,0.385,0.445,0.83,0.397,9,90,42,0.353,12.6,91.4,17.5,0.061
668227,Randy Arozarena,Seattle Mariners,SEA,2026,302,261,76,0.291,0.377,0.448,0.825,0.361,7,66,28,0.353,7.6,91.7,7.7,0.062
650391,Eloy Jiménez,Toronto Blue Jays,TOR,2026,35,31,9,0.29,0.343,0.29,0.633,0.36,0,7,3,0.256,4.0,89.2,5.6,-0.033999999999999975
701762,Nick Kurtz,Athletics,ATH,2026,353,279,81,0.29,0.439,0.556,0.995,0.397,19,104,72,0.394,18.3,94.3,12.5,0.10400000000000004
669364,Xavier Edwards,Miami Marlins,MIA,2026,330,286,83,0.29,0.374,0.427,0.801,0.321,6,43,40,0.329,5.3,87.1,10.6,0.039000000000000035
675961,Alika Williams,Athletics,ATH,2026,48,45,13,0.289,0.319,0.467,0.786,0.387,1,13,2,0.218,0.0,89.2,17.0,-0.07099999999999998
669134,Luis Campusano,San Diego Padres,SD,2026,58,52,15,0.288,0.362,0.596,0.958,0.353,3,15,5,0.34,10.8,86.5,11.9,0.052000000000000046
700250,Ben Rice,New York Yankees,NYY,2026,311,267,77,0.288,0.383,0.607,0.99,0.316,22,73,40,0.393,15.5,91.9,15.0,0.10500000000000004
676475,Alec Burleson,St. Louis Cardinals,STL,2026,330,295,85,0.288,0.355,0.492,0.847,0.305,13,49,29,0.39,10.9,91.8,12.5,0.10200000000000004
803011,Sam Antonacci,Chicago White Sox,CWS,2026,234,198,57,0.288,0.388,0.419,0.807,0.335,4,37,17,0.38,8.0,88.0,10.9,0.09200000000000003
691023,Jordan Walker,St. Louis Cardinals,STL,2026,323,296,85,0.287,0.341,0.524,0.865,0.337,18,81,23,0.366,13.6,94.1,12.5,0.07900000000000001
668804,Bryan Reynolds,Pittsburgh Pirates,PIT,2026,335,279,80,0.287,0.4,0.484,0.884,0.347,11,71,49,0.372,10.5,91.4,6.1,0.08500000000000002
642086,Dominic Smith,Atlanta Braves,ATL,2026,181,164,47,0.287,0.322,0.439,0.761,0.297,6,25,10,0.338,7.6,88.5,14.7,0.051000000000000045
691718,Pete Crow-Armstrong,Chicago Cubs,CHC,2026,329,290,83,0.286,0.363,0.521,0.884,0.345,16,82,28,0.367,11.4,91.4,19.8,0.08100000000000002
691277,Deyvison De Los Santos,Miami Marlins,MIA,2026,7,7,2,0.286,0.286,0.429,0.715,0.5,0,3,0,0.221,25.0,92.9,-8.2,-0.06499999999999997
669384,Raynel Delgado,Houston Astros,HOU,2026,14,14,4,0.286,0.286,0.286,0.572,0.333,0,2,0,0.285,0.0,86.3,-10.7,-0.0010000000000000009
571657,Kyle Farmer,Atlanta Braves,ATL,2026,15,14,4,0.286,0.267,0.357,0.624,0.364,0,4,0,0.247,0.0,81.6,7.0,-0.03899999999999998
663624,Ryan Mountcastle,Baltimore Orioles,BAL,2026,15,14,4,0.286,0.333,0.357,0.69,0.333,0,2,1,0.301,0.0,90.0,8.8,0.015000000000000013
665161,Jeremy Peña,Houston Astros,HOU,2026,177,161,46,0.286,0.345,0.453,0.798,0.313,6,28,12,0.347,4.5,87.1,14.0,0.061
668723,Ryan Vilade,Tampa Bay Rays,TB,2026,135,119,34,0.286,0.343,0.479,0.822,0.322,5,27,12,0.323,5.3,89.4,18.8,0.03700000000000003
686894,Joey Wiemer,Washington Nationals,WSH,2026,83,70,20,0.286,0.398,0.514,0.912,0.447,3,29,12,0.315,9.8,88.8,2.2,0.029000000000000026
671976,Tristan Peters,Chicago White Sox,CWS,2026,217,193,55,0.285,0.347,0.435,0.782,0.344,3,40,16,0.301,4.5,86.3,14.4,0.016000000000000014
665487,Fernando Tatis Jr.,San Diego Padres,SD,2026,325,288,82,0.285,0.349,0.358,0.707,0.356,2,66,29,0.349,10.5,91.5,4.8,0.064
805808,Kevin McGonigle,Detroit Tigers,DET,2026,331,281,80,0.285,0.393,0.431,0.824,0.318,6,42,48,0.366,8.1,87.9,21.2,0.08100000000000002
645277,Ozzie Albies,Atlanta Braves,ATL,2026,326,292,83,0.284,0.334,0.452,0.786,0.284,12,38,22,0.309,4.2,87.2,17.1,0.025000000000000022
682998,Corbin Carroll,Arizona Diamondbacks,AZ,2026,320,278,79,0.284,0.372,0.55,0.922,0.328,13,66,36,0.365,12.4,91.8,13.7,0.08100000000000002
668952,Ryan Kreidler,Minnesota Twins,MIN,2026,92,81,23,0.284,0.37,0.519,0.889,0.317,4,17,10,0.355,9.8,88.3,11.8,0.07100000000000001
680869,Zack Gelof,Athletics,ATH,2026,227,208,59,0.284,0.338,0.5,0.838,0.338,11,55,14,0.3,7.1,89.3,16.6,0.016000000000000014
682818,Yohendrick Piñango,Toronto Blue Jays,TOR,2026,136,127,36,0.283,0.331,0.433,0.764,0.344,4,30,9,0.319,7.2,90.7,8.7,0.03600000000000003
687462,Spencer Horwitz,Pittsburgh Pirates,PIT,2026,288,240,68,0.283,0.389,0.463,0.852,0.296,10,38,39,0.339,8.7,86.7,17.3,0.05600000000000005
682928,CJ Abrams,Washington Nationals,WSH,2026,327,286,81,0.283,0.364,0.528,0.892,0.311,17,66,29,0.353,10.5,90.3,17.3,0.07
660688,Keibert Ruiz,Washington Nationals,WSH,2026,167,159,45,0.283,0.305,0.484,0.789,0.291,6,21,4,0.269,5.8,88.9,16.5,-0.013999999999999957
665489,Vladimir Guerrero Jr.,Toronto Blue Jays,TOR,2026,312,269,76,0.283,0.365,0.372,0.737,0.303,4,32,34,0.349,6.7,90.0,8.3,0.066
608348,Carson Kelly,Chicago Cubs,CHC,2026,199,177,50,0.282,0.362,0.39,0.752,0.331,4,34,19,0.327,7.0,88.5,12.8,0.04500000000000004
575929,Willson Contreras,Boston Red Sox,BOS,2026,307,262,74,0.282,0.378,0.527,0.905,0.345,16,81,28,0.372,13.3,90.0,16.5,0.09000000000000002
678882,Ceddanne Rafaela,Boston Red Sox,BOS,2026,283,262,74,0.282,0.333,0.443,0.776,0.338,7,57,14,0.293,5.9,86.5,10.8,0.01100000000000001
686948,Drake Baldwin,Atlanta Braves,ATL,2026,238,210,59,0.281,0.361,0.51,0.871,0.317,14,55,24,0.394,17.9,92.2,11.0,0.11299999999999999
686527,Dominic Canzone,Seattle Mariners,SEA,2026,201,178,50,0.281,0.353,0.562,0.915,0.295,12,39,18,0.384,15.6,92.9,11.9,0.10299999999999998
805779,Jacob Wilson,Athletics,ATH,2026,207,196,55,0.281,0.311,0.393,0.704,0.302,4,24,9,0.277,1.7,84.1,8.4,-0.0040000000000000036
694362,Blake Dunn,Cincinnati Reds,CIN,2026,144,132,37,0.28,0.34,0.386,0.726,0.347,2,29,10,0.279,3.0,88.5,13.9,-0.0010000000000000009
650402,Gleyber Torres,Detroit Tigers,DET,2026,190,157,44,0.28,0.395,0.395,0.79,0.328,4,33,29,0.343,7.9,85.3,7.1,0.063
660821,Jesús Sánchez,Toronto Blue Jays,TOR,2026,226,207,58,0.28,0.323,0.449,0.772,0.327,7,48,10,0.338,11.1,91.0,11.1,0.057999999999999996
682829,Elly De La Cruz,Cincinnati Reds,CIN,2026,257,232,65,0.28,0.346,0.509,0.855,0.366,12,76,22,0.361,14.6,94.2,12.1,0.08099999999999996
663616,Trevor Larnach,Minnesota Twins,MIN,2026,232,200,56,0.28,0.377,0.425,0.802,0.336,5,43,28,0.335,7.0,86.2,13.4,0.05499999999999999
666160,Mickey Moniak,Colorado Rockies,COL,2026,164,150,42,0.28,0.335,0.607,0.942,0.303,12,40,10,0.324,13.5,89.7,25.3,0.043999999999999984
695238,Will Wagner,San Diego Padres,SD,2026,31,25,7,0.28,0.419,0.32,0.739,0.368,0,6,6,0.323,0.0,84.6,5.4,0.04299999999999998
621043,Carlos Correa,Houston Astros,HOU,2026,141,122,34,0.279,0.369,0.418,0.787,0.33,3,26,18,0.364,10.3,89.2,7.2,0.08499999999999996
691740,Daniel Susac,San Francisco Giants,SF,2026,109,97,27,0.278,0.327,0.351,0.678,0.355,0,23,6,0.301,5.1,86.6,16.8,0.022999999999999965
689414,Liam Hicks,Miami Marlins,MIA,2026,288,248,69,0.278,0.359,0.472,0.831,0.264,13,28,29,0.317,4.4,85.5,14.2,0.03899999999999998
643396,Isiah Kiner-Falefa,Boston Red Sox,BOS,2026,132,119,33,0.277,0.344,0.361,0.705,0.313,2,18,12,0.312,2.9,82.3,10.2,0.034999999999999976
622761,Jorge Mateo,Atlanta Braves,ATL,2026,107,101,28,0.277,0.318,0.446,0.764,0.364,4,31,6,0.34,10.0,90.2,12.0,0.063
681198,TJ Rumfield,Colorado Rockies,COL,2026,303,267,74,0.277,0.356,0.479,0.835,0.292,12,45,28,0.323,6.3,84.6,14.6,0.045999999999999985
516782,Starling Marte,Kansas City Royals,KC,2026,91,83,23,0.277,0.33,0.361,0.691,0.379,1,25,5,0.311,11.9,90.3,7.2,0.033999999999999975
685133,Wade Meckler,Los Angeles Angels,LAA,2026,93,83,23,0.277,0.355,0.422,0.777,0.35,2,21,10,0.321,6.6,85.8,7.0,0.043999999999999984
666126,Carlos Cortes,Athletics,ATH,2026,206,181,50,0.276,0.359,0.436,0.795,0.288,6,23,21,0.356,8.2,89.7,8.3,0.07999999999999996
606192,Teoscar Hernández,Los Angeles Dodgers,LAD,2026,204,181,50,0.276,0.348,0.436,0.784,0.355,7,55,19,0.339,10.9,89.8,12.4,0.063
677800,Wilyer Abreu,Boston Red Sox,BOS,2026,318,286,79,0.276,0.338,0.434,0.772,0.32,9,61,28,0.337,11.0,90.0,18.5,0.061
666018,Jonathan Aranda,Tampa Bay Rays,TB,2026,323,268,74,0.276,0.381,0.448,0.829,0.332,12,75,44,0.37,11.2,90.9,13.2,0.09399999999999997
672515,Gabriel Moreno,Arizona Diamondbacks,AZ,2026,201,174,48,0.276,0.358,0.448,0.806,0.309,6,35,21,0.365,9.2,90.1,11.9,0.08899999999999997
691406,Junior Caminero,Tampa Bay Rays,TB,2026,328,283,78,0.276,0.369,0.477,0.846,0.297,15,58,43,0.359,11.7,93.0,6.9,0.08299999999999996
621439,Byron Buxton,Minnesota Twins,MIN,2026,306,280,77,0.275,0.333,0.596,0.929,0.292,25,78,22,0.352,18.5,90.9,21.0,0.07699999999999996
682997,Tyler Callihan,Pittsburgh Pirates,PIT,2026,48,40,11,0.275,0.396,0.525,0.921,0.346,2,12,7,0.321,10.7,84.6,28.4,0.045999999999999985
656811,Ryan O'Hearn,Pittsburgh Pirates,PIT,2026,257,233,64,0.275,0.335,0.451,0.786,0.319,11,58,20,0.318,6.2,89.7,12.4,0.04299999999999998
683953,Travis Bazzana,Cleveland Guardians,CLE,2026,203,175,48,0.274,0.369,0.469,0.838,0.313,7,38,25,0.327,5.2,88.8,11.9,0.05299999999999999
680977,Brendan Donovan,Seattle Mariners,SEA,2026,101,84,23,0.274,0.386,0.452,0.838,0.299,3,15,11,0.345,4.3,85.9,14.8,0.07099999999999995
641355,Cody Bellinger,New York Yankees,NYY,2026,328,278,76,0.273,0.369,0.468,0.837,0.283,11,42,45,0.369,7.6,89.1,18.9,0.09599999999999997
650489,Willi Castro,Colorado Rockies,COL,2026,259,231,63,0.273,0.347,0.394,0.741,0.36,5,66,24,0.302,5.5,88.9,18.0,0.02899999999999997
518692,Freddie Freeman,Los Angeles Dodgers,LAD,2026,331,286,78,0.273,0.363,0.476,0.839,0.294,13,55,39,0.378,11.6,90.7,12.2,0.10499999999999998
663611,Nick Madrigal,Los Angeles Angels,LAA,2026,52,44,12,0.273,0.385,0.295,0.68,0.293,0,3,7,0.298,0.0,88.7,9.8,0.024999999999999967
666211,Taylor Trammell,Houston Astros,HOU,2026,85,77,21,0.273,0.333,0.364,0.697,0.467,0,32,6,0.247,4.3,89.3,10.1,-0.026000000000000023
677587,Brayan Rocchio,Cleveland Guardians,CLE,2026,286,250,68,0.272,0.349,0.392,0.741,0.299,5,37,24,0.314,2.8,86.5,12.4,0.04199999999999998
805367,Chase Meidroth,Chicago White Sox,CWS,2026,316,280,76,0.271,0.338,0.386,0.724,0.352,6,77,27,0.284,4.8,87.7,6.8,0.012999999999999956
802139,JJ Wetherholt,St. Louis Cardinals,STL,2026,328,280,76,0.271,0.372,0.429,0.801,0.292,12,51,35,0.36,7.5,90.2,14.4,0.08899999999999997
621566,Matt Olson,Atlanta Braves,ATL,2026,332,295,80,0.271,0.343,0.539,0.882,0.296,20,75,33,0.367,13.9,93.1,17.7,0.09599999999999997
671289,Tyler Freeman,Colorado Rockies,COL,2026,191,166,45,0.271,0.353,0.367,0.72,0.298,3,22,9,0.324,1.4,87.7,9.9,0.05299999999999999
695578,James Wood,Washington Nationals,WSH,2026,365,299,81,0.271,0.397,0.535,0.932,0.351,20,107,60,0.433,24.4,95.8,10.6,0.16199999999999998
606115,Orlando Arcia,Minnesota Twins,MIN,2026,50,48,13,0.271,0.3,0.354,0.654,0.308,1,8,2,0.245,2.5,86.0,4.2,-0.026000000000000023
694203,Denzer Guzman,Los Angeles Angels,LAA,2026,52,48,13,0.271,0.327,0.5,0.827,0.278,3,9,4,0.342,10.3,88.7,14.0,0.07100000000000001
669127,Shea Langeliers,Athletics,ATH,2026,321,292,79,0.271,0.333,0.521,0.854,0.282,19,61,24,0.372,14.7,91.5,20.6,0.10099999999999998
691458,Blaze Jordan,St. Louis Cardinals,STL,2026,39,37,10,0.27,0.282,0.459,0.741,0.273,1,4,1,0.268,6.5,89.4,3.6,-0.0020000000000000018
699393,Pedro Ramírez,Chicago Cubs,CHC,2026,40,37,10,0.27,0.325,0.405,0.73,0.273,1,3,3,0.338,5.9,91.3,6.8,0.068
695506,Jac Caglianone,Kansas City Royals,KC,2026,276,248,67,0.27,0.344,0.472,0.816,0.355,12,81,24,0.373,15.9,93.6,8.3,0.10299999999999998
804606,Konnor Griffin,Pittsburgh Pirates,PIT,2026,208,189,51,0.27,0.327,0.402,0.729,0.359,4,56,14,0.303,8.1,87.3,5.5,0.032999999999999974
640902,Jhonny Pereda,Seattle Mariners,SEA,2026,68,63,17,0.27,0.324,0.365,0.689,0.3,2,11,4,0.341,3.8,89.8,9.7,0.07100000000000001
677649,Ezequiel Duran,Texas Rangers,TEX,2026,254,230,62,0.27,0.328,0.43,0.758,0.341,6,62,20,0.302,5.4,89.4,9.8,0.03199999999999997
701675,Nathan Church,St. Louis Cardinals,STL,2026,197,182,49,0.269,0.315,0.412,0.727,0.321,5,42,11,0.299,9.4,85.9,9.5,0.02999999999999997
676356,Jonny DeLuca,Tampa Bay Rays,TB,2026,136,130,35,0.269,0.296,0.454,0.75,0.323,4,30,5,0.288,5.1,86.0,13.4,0.01899999999999996
663457,Lars Nootbaar,St. Louis Cardinals,STL,2026,62,52,14,0.269,0.371,0.442,0.813,0.324,2,14,9,0.365,10.5,94.4,8.1,0.09599999999999997
683011,Anthony Volpe,New York Yankees,NYY,2026,109,93,25,0.269,0.376,0.376,0.752,0.348,1,23,16,0.323,4.5,87.8,15.9,0.05399999999999999
673548,Seiya Suzuki,Chicago Cubs,CHC,2026,260,227,61,0.269,0.358,0.445,0.803,0.338,10,67,29,0.34,8.7,89.4,18.3,0.07100000000000001
607043,Brandon Nimmo,Texas Rangers,TEX,2026,327,294,79,0.269,0.336,0.418,0.754,0.323,7,66,25,0.373,11.5,92.3,11.1,0.10399999999999998
669289,Santiago Espinal,Los Angeles Dodgers,LAD,2026,60,56,15,0.268,0.276,0.375,0.651,0.292,1,8,1,0.29,2.0,86.2,14.2,0.021999999999999964
665877,José Fermín,St. Louis Cardinals,STL,2026,115,105,28,0.267,0.316,0.371,0.687,0.299,2,17,8,0.275,1.1,85.6,17.6,0.008000000000000007
545341,Randal Grichuk,Chicago White Sox,CWS,2026,112,105,28,0.267,0.304,0.562,0.866,0.286,8,28,5,0.377,15.6,90.6,14.0,0.10999999999999999
547180,Bryce Harper,Philadelphia Phillies,PHI,2026,323,270,72,0.267,0.372,0.522,0.894,0.278,17,60,48,0.41,12.7,90.4,12.0,0.14299999999999996
667472,Dane Myers,Cincinnati Reds,CIN,2026,123,105,28,0.267,0.366,0.4,0.766,0.347,3,31,15,0.368,8.2,90.2,21.0,0.10099999999999998
671218,Heliot Ramos,San Francisco Giants,SF,2026,176,165,44,0.267,0.307,0.424,0.731,0.348,4,47,10,0.326,13.4,92.0,7.9,0.059
641343,Jake Bauers,Milwaukee Brewers,MIL,2026,267,229,61,0.266,0.371,0.489,0.86,0.32,13,66,35,0.358,13.0,92.7,9.3,0.09199999999999997
671056,Iván Herrera,St. Louis Cardinals,STL,2026,347,278,74,0.266,0.406,0.428,0.834,0.295,10,53,46,0.372,7.1,89.8,7.3,0.10599999999999998
805999,A.J. Ewing,New York Mets,NYM,2026,142,124,33,0.266,0.343,0.379,0.722,0.373,2,40,15,0.334,4.6,88.6,12.2,0.068
672724,Oswald Peraza,Los Angeles Angels,LAA,2026,238,222,59,0.266,0.312,0.428,0.74,0.342,7,63,9,0.307,8.8,87.7,10.2,0.04099999999999998
802415,Chandler Simpson,Tampa Bay Rays,TB,2026,290,271,72,0.266,0.3,0.314,0.614,0.298,0,31,14,0.25,0.0,84.0,2.1,-0.016000000000000014
500743,Miguel Rojas,Los Angeles Dodgers,LAD,2026,129,113,30,0.265,0.323,0.363,0.686,0.28,2,14,9,0.326,6.8,87.4,14.3,0.061
693307,Dillon Dingler,Detroit Tigers,DET,2026,296,264,70,0.265,0.333,0.538,0.871,0.28,18,62,22,0.399,12.9,90.9,17.0,0.134
571970,Max Muncy,Los Angeles Dodgers,LAD,2026,272,234,62,0.265,0.368,0.513,0.881,0.299,16,64,35,0.387,15.6,90.3,13.2,0.122
681624,Andy Pages,Los Angeles Dodgers,LAD,2026,331,302,80,0.265,0.314,0.48,0.794,0.286,15,65,22,0.341,8.8,89.4,16.0,0.07600000000000001
665833,Oneil Cruz,Pittsburgh Pirates,PIT,2026,283,250,66,0.264,0.35,0.472,0.822,0.377,14,98,30,0.358,16.4,96.0,7.6,0.09399999999999997
694671,Wyatt Langford,Texas Rangers,TEX,2026,154,144,38,0.264,0.312,0.465,0.777,0.308,6,34,10,0.301,7.5,89.1,15.0,0.03699999999999998
679822,Justin Foscue,Texas Rangers,TEX,2026,85,76,20,0.263,0.329,0.474,0.803,0.302,4,20,6,0.369,10.7,90.1,19.4,0.10599999999999998
668930,Brice Turang,Milwaukee Brewers,MIL,2026,327,274,72,0.263,0.372,0.456,0.828,0.339,11,85,49,0.354,8.9,90.9,7.0,0.09099999999999997
606466,Ketel Marte,Arizona Diamondbacks,AZ,2026,325,297,78,0.263,0.317,0.451,0.768,0.273,12,46,24,0.37,10.4,91.5,11.2,0.10699999999999998
592885,Christian Yelich,Milwaukee Brewers,MIL,2026,201,179,47,0.263,0.338,0.408,0.746,0.353,5,56,20,0.301,6.6,88.3,2.8,0.03799999999999998
800050,Chase DeLauter,Cleveland Guardians,CLE,2026,270,240,63,0.263,0.337,0.408,0.745,0.281,7,36,28,0.341,5.8,90.0,14.4,0.07800000000000001
643289,Mauricio Dubón,Atlanta Braves,ATL,2026,289,267,70,0.262,0.316,0.408,0.724,0.29,7,43,19,0.321,5.8,86.3,16.0,0.059
695731,Braden Montgomery,Chicago White Sox,CWS,2026,44,42,11,0.262,0.295,0.452,0.747,0.333,1,11,2,0.277,6.9,88.5,9.0,0.015000000000000013
545121,Ildemaro Vargas,Arizona Diamondbacks,AZ,2026,259,241,63,0.261,0.304,0.407,0.711,0.265,7,24,13,0.309,3.7,86.9,10.7,0.04799999999999999
686681,Michael Massey,Kansas City Royals,KC,2026,188,176,46,0.261,0.285,0.449,0.734,0.277,7,31,7,0.296,8.2,91.0,19.3,0.034999999999999976
672580,Maikel Garcia,Kansas City Royals,KC,2026,294,268,70,0.261,0.32,0.373,0.693,0.302,3,45,24,0.32,5.0,90.1,8.8,0.059
694384,Nolan Schanuel,Los Angeles Angels,LAA,2026,252,226,59,0.261,0.329,0.385,0.714,0.293,5,39,19,0.314,2.7,87.4,10.6,0.05299999999999999
678218,Brandon Valenzuela,Toronto Blue Jays,TOR,2026,157,138,36,0.261,0.34,0.457,0.797,0.305,7,37,17,0.345,8.7,89.7,16.7,0.08399999999999996
669743,Alex Call,Los Angeles Dodgers,LAD,2026,114,96,25,0.26,0.368,0.313,0.681,0.316,0,18,14,0.285,1.3,83.4,14.7,0.024999999999999967
671277,Luis García Jr.,Washington Nationals,WSH,2026,251,242,63,0.26,0.283,0.471,0.754,0.271,11,40,8,0.32,8.0,92.1,11.2,0.06
665923,Esteury Ruiz,Miami Marlins,MIA,2026,87,73,19,0.26,0.36,0.548,0.908,0.333,4,25,8,0.307,8.2,87.7,25.9,0.046999999999999986
690993,Colt Keith,Detroit Tigers,DET,2026,223,208,54,0.26,0.305,0.375,0.68,0.311,4,44,11,0.32,8.0,88.6,12.6,0.06
657136,Connor Wong,Boston Red Sox,BOS,2026,94,81,21,0.259,0.348,0.358,0.706,0.35,0,21,8,0.303,3.2,87.8,11.3,0.043999999999999984
814439,Ryan Waldschmidt,Arizona Diamondbacks,AZ,2026,122,112,29,0.259,0.314,0.357,0.671,0.403,0,40,8,0.289,8.3,86.8,16.2,0.02999999999999997
808975,Hyeseong Kim,Los Angeles Dodgers,LAD,2026,131,116,30,0.259,0.323,0.328,0.651,0.337,1,31,12,0.304,3.4,85.8,9.1,0.044999999999999984
676609,José Caballero,New York Yankees,NYY,2026,235,213,55,0.258,0.319,0.404,0.723,0.298,7,47,15,0.288,3.0,83.7,11.6,0.02999999999999997
694212,Samuel Basallo,Baltimore Orioles,BAL,2026,240,217,56,0.258,0.321,0.447,0.768,0.315,10,63,21,0.334,11.5,91.4,13.1,0.07600000000000001
621493,Taylor Ward,Baltimore Orioles,BAL,2026,360,291,75,0.258,0.394,0.368,0.762,0.327,5,74,64,0.353,5.0,89.6,14.5,0.09499999999999997
701807,Carson Benge,New York Mets,NYM,2026,296,272,70,0.257,0.318,0.404,0.722,0.308,9,65,20,0.35,9.2,90.1,11.4,0.09299999999999997
686765,Nick Sogard,Boston Red Sox,BOS,2026,41,35,9,0.257,0.35,0.371,0.721,0.31,0,6,5,0.301,0.0,81.6,8.6,0.043999999999999984
595879,Javier Báez,Detroit Tigers,DET,2026,82,78,20,0.256,0.28,0.397,0.677,0.295,2,16,2,0.294,3.2,84.7,10.2,0.03799999999999998
662139,Daulton Varsho,Toronto Blue Jays,TOR,2026,245,219,56,0.256,0.331,0.416,0.747,0.301,6,48,23,0.307,6.5,86.0,13.4,0.05099999999999999
519317,Giancarlo Stanton,New York Yankees,NYY,2026,96,90,23,0.256,0.302,0.422,0.724,0.345,3,29,6,0.326,18.0,94.1,21.5,0.07
669236,Jeremiah Jackson,Baltimore Orioles,BAL,2026,191,184,47,0.255,0.272,0.413,0.685,0.282,7,37,4,0.29,7.4,89.3,8.4,0.034999999999999976
681508,Mickey Gasper,Boston Red Sox,BOS,2026,114,102,26,0.255,0.319,0.324,0.643,0.313,0,20,9,0.287,4.9,88.9,17.6,0.03199999999999997
595978,Austin Hedges,Cleveland Guardians,CLE,2026,116,102,26,0.255,0.319,0.343,0.662,0.301,1,19,10,0.277,2.4,85.9,7.4,0.02200000000000002
699912,Jose Fernandez,Arizona Diamondbacks,AZ,2026,177,165,42,0.255,0.289,0.352,0.641,0.32,3,40,7,0.276,3.9,87.9,11.6,0.02100000000000002
663993,Nathaniel Lowe,Cincinnati Reds,CIN,2026,193,169,43,0.254,0.347,0.479,0.826,0.298,9,46,24,0.369,11.5,88.6,13.3,0.11499999999999999
668939,Adley Rutschman,Baltimore Orioles,BAL,2026,228,201,51,0.254,0.329,0.458,0.787,0.264,8,33,23,0.354,8.8,89.4,14.3,0.09999999999999998
665750,Leody Taveras,Baltimore Orioles,BAL,2026,241,209,53,0.254,0.329,0.373,0.702,0.34,2,58,23,0.295,4.4,87.4,16.0,0.04099999999999998
609280,Miguel Andujar,San Diego Padres,SD,2026,199,190,48,0.253,0.286,0.416,0.702,0.283,5,33,7,0.284,4.5,88.0,6.5,0.030999999999999972
656941,Kyle Schwarber,Philadelphia Phillies,PHI,2026,336,285,72,0.253,0.366,0.596,0.962,0.303,29,114,47,0.388,21.3,93.3,21.9,0.135
702284,Cole Young,Seattle Mariners,SEA,2026,317,285,72,0.253,0.316,0.361,0.677,0.293,6,57,21,0.328,5.2,88.1,16.2,0.07500000000000001
807713,Matt Shaw,Chicago Cubs,CHC,2026,131,119,30,0.252,0.308,0.437,0.745,0.283,4,24,8,0.294,5.2,86.9,15.6,0.04199999999999998
807712,Luke Keaschall,Minnesota Twins,MIN,2026,298,262,66,0.252,0.332,0.328,0.66,0.294,2,45,28,0.299,3.2,84.7,16.9,0.046999999999999986
687221,Dalton Rushing,Los Angeles Dodgers,LAD,2026,153,135,34,0.252,0.34,0.481,0.821,0.299,8,40,14,0.343,9.6,88.9,16.9,0.09100000000000003
664034,Ty France,San Diego Padres,SD,2026,167,155,39,0.252,0.301,0.471,0.772,0.301,8,44,9,0.309,11.7,91.0,8.0,0.056999999999999995
660670,Ronald Acuña Jr.,Atlanta Braves,ATL,2026,236,195,49,0.251,0.373,0.421,0.794,0.304,7,52,35,0.378,13.1,90.1,17.6,0.127
669394,Jake Burger,Texas Rangers,TEX,2026,307,279,70,0.251,0.313,0.441,0.754,0.305,13,81,24,0.309,9.5,90.1,12.1,0.057999999999999996
666176,Jo Adell,Los Angeles Angels,LAA,2026,334,312,78,0.25,0.293,0.391,0.684,0.301,10,78,10,0.323,8.5,90.3,18.5,0.07300000000000001
669397,Nick Allen,Houston Astros,HOU,2026,70,64,16,0.25,0.29,0.328,0.618,0.3,1,14,3,0.248,1.9,84.9,16.4,-0.0020000000000000018
682626,Francisco Alvarez,New York Mets,NYM,2026,166,148,37,0.25,0.317,0.385,0.702,0.305,5,39,13,0.335,15.5,90.4,8.6,0.08500000000000002
608324,Alex Bregman,Chicago Cubs,CHC,2026,347,300,75,0.25,0.343,0.35,0.693,0.285,6,55,38,0.319,4.8,87.9,16.2,0.069
690924,Braxton Fulford,Colorado Rockies,COL,2026,44,36,9,0.25,0.341,0.417,0.758,0.364,1,15,6,0.255,9.1,88.1,35.8,0.0050000000000000044
664068,Scott Kingery,Chicago Cubs,CHC,2026,4,4,1,0.25,0.25,0.25,0.5,0.25,0,0,0,0.156,0.0,77.1,30.9,-0.094
691788,Joe Mack,Miami Marlins,MIA,2026,124,112,28,0.25,0.311,0.375,0.686,0.329,3,33,9,0.31,8.8,89.3,12.4,0.06
678009,Parker Meadows,Detroit Tigers,DET,2026,39,36,9,0.25,0.308,0.333,0.641,0.346,0,10,2,0.25,3.8,85.3,13.3,0.0
647304,Josh Naylor,Seattle Mariners,SEA,2026,312,284,71,0.25,0.312,0.366,0.678,0.267,8,41,24,0.323,5.3,88.0,14.1,0.07300000000000001
696030,Alejandro Osuna,Texas Rangers,TEX,2026,133,112,28,0.25,0.364,0.286,0.65,0.304,0,20,13,0.317,0.0,88.0,3.8,0.067
682515,Logan Porter,Los Angeles Angels,LAA,2026,6,4,1,0.25,0.5,0.5,1.0,0.5,0,2,2,0.415,0.0,93.9,9.2,0.16499999999999998
682848,Endy Rodríguez,Pittsburgh Pirates,PIT,2026,85,68,17,0.25,0.393,0.426,0.819,0.311,3,20,16,0.37,12.5,92.4,20.9,0.12
678391,Jorbit Vivas,Washington Nationals,WSH,2026,158,136,34,0.25,0.329,0.324,0.653,0.284,1,21,13,0.304,3.4,83.6,13.8,0.05399999999999999
695734,Daylen Lile,Washington Nationals,WSH,2026,337,305,76,0.249,0.309,0.4,0.709,0.279,8,57,24,0.323,7.2,87.7,17.0,0.07400000000000001
669003,Garrett Mitchell,Milwaukee Brewers,MIL,2026,243,209,52,0.249,0.347,0.407,0.754,0.392,5,85,30,0.331,13.7,92.6,4.2,0.08200000000000002
668709,JJ Bleday,Cincinnati Reds,CIN,2026,213,181,45,0.249,0.349,0.536,0.885,0.25,13,42,28,0.376,10.7,89.7,21.1,0.127
669257,Will Smith,Los Angeles Dodgers,LAD,2026,201,173,43,0.249,0.338,0.382,0.72,0.272,6,34,23,0.386,13.4,90.0,19.9,0.137
624413,Pete Alonso,Baltimore Orioles,BAL,2026,342,298,74,0.248,0.336,0.473,0.809,0.275,18,79,38,0.375,12.2,94.3,14.0,0.127
701398,Sal Stewart,Cincinnati Reds,CIN,2026,335,290,72,0.248,0.34,0.448,0.788,0.278,14,70,41,0.364,14.5,90.8,14.5,0.11599999999999999
605137,Josh Bell,Minnesota Twins,MIN,2026,305,278,69,0.248,0.308,0.399,0.707,0.296,9,68,23,0.321,10.0,89.6,12.8,0.07300000000000001
642708,Amed Rosario,New York Yankees,NYY,2026,128,117,29,0.248,0.289,0.479,0.768,0.256,7,27,8,0.326,10.0,90.1,12.7,0.07800000000000001
691720,Kyle Karros,Colorado Rockies,COL,2026,251,218,54,0.248,0.339,0.372,0.711,0.309,4,54,30,0.331,7.3,89.3,11.6,0.08300000000000002
592450,Aaron Judge,New York Yankees,NYY,2026,261,214,53,0.248,0.375,0.533,0.908,0.286,17,72,42,0.415,21.7,94.1,14.6,0.16699999999999998
666182,Bo Bichette,New York Mets,NYM,2026,336,311,77,0.248,0.292,0.367,0.659,0.277,8,58,20,0.33,7.0,90.4,7.8,0.08200000000000002
677594,Julio Rodríguez,Seattle Mariners,SEA,2026,341,311,77,0.248,0.311,0.431,0.742,0.276,14,70,26,0.344,9.5,90.0,13.3,0.09599999999999997
683737,Michael Busch,Chicago Cubs,CHC,2026,337,275,68,0.247,0.377,0.396,0.773,0.306,8,74,52,0.353,11.3,88.4,15.0,0.10599999999999998
670623,Isaac Paredes,Houston Astros,HOU,2026,303,259,64,0.247,0.35,0.417,0.767,0.269,10,50,31,0.327,6.7,86.9,24.4,0.08000000000000002
676439,Hunter Feduccia,Tampa Bay Rays,TB,2026,100,85,21,0.247,0.337,0.318,0.655,0.364,1,30,11,0.308,6.9,90.7,20.0,0.061
691026,Masyn Winn,St. Louis Cardinals,STL,2026,292,256,63,0.246,0.322,0.34,0.662,0.3,3,58,25,0.308,3.5,87.5,12.3,0.062
663743,Nick Fortes,Tampa Bay Rays,TB,2026,189,175,43,0.246,0.289,0.32,0.609,0.276,1,23,5,0.276,1.3,86.3,7.3,0.030000000000000027
641680,Jonah Heim,Athletics,ATH,2026,118,106,26,0.245,0.305,0.491,0.796,0.244,6,20,10,0.295,6.8,87.1,16.0,0.04999999999999999
665861,Sebastián Rivero,Los Angeles Angels,LAA,2026,57,53,13,0.245,0.286,0.283,0.569,0.317,0,12,3,0.267,0.0,82.0,19.2,0.02200000000000002
702222,Justin Crawford,Philadelphia Phillies,PHI,2026,230,213,52,0.244,0.3,0.338,0.638,0.307,2,48,15,0.268,1.2,86.8,2.9,0.02400000000000002
664728,Kyle Isbel,Kansas City Royals,KC,2026,183,164,40,0.244,0.298,0.354,0.652,0.306,3,41,10,0.275,3.1,88.6,13.0,0.031000000000000028
681351,Logan O'Hoppe,Los Angeles Angels,LAA,2026,183,164,40,0.244,0.313,0.366,0.679,0.305,4,43,14,0.288,11.4,87.3,16.9,0.043999999999999984
695600,Carter Jensen,Kansas City Royals,KC,2026,273,242,59,0.244,0.311,0.434,0.745,0.301,10,74,25,0.288,8.8,90.7,20.2,0.043999999999999984
664040,Brandon Lowe,Pittsburgh Pirates,PIT,2026,317,279,68,0.244,0.325,0.509,0.834,0.273,18,81,33,0.347,11.9,90.4,16.8,0.10299999999999998
669699,Braden Shewmake,Houston Astros,HOU,2026,79,74,18,0.243,0.26,0.405,0.665,0.254,3,13,2,0.281,6.3,89.5,13.7,0.038000000000000034
694371,Tommy Troy,Arizona Diamondbacks,AZ,2026,83,74,18,0.243,0.325,0.419,0.744,0.278,3,17,9,0.321,10.9,84.6,11.4,0.07800000000000001
807799,Masataka Yoshida,Boston Red Sox,BOS,2026,168,148,36,0.243,0.327,0.324,0.651,0.273,1,20,16,0.305,1.6,88.6,8.7,0.062
656305,Matt Chapman,San Francisco Giants,SF,2026,321,280,68,0.243,0.33,0.386,0.716,0.296,7,70,33,0.292,6.6,88.2,10.4,0.04899999999999999
691594,Javier Sanoja,Miami Marlins,MIA,2026,186,173,42,0.243,0.286,0.347,0.633,0.263,2,20,11,0.257,1.3,87.1,11.1,0.014000000000000012
687637,Dylan Beavers,Baltimore Orioles,BAL,2026,119,103,25,0.243,0.331,0.369,0.7,0.311,2,28,14,0.308,5.2,87.4,15.5,0.065
650968,Yohel Pozo,St. Louis Cardinals,STL,2026,33,33,8,0.242,0.242,0.273,0.515,0.267,0,3,0,0.244,0.0,87.6,14.0,0.0020000000000000018
691016,Tyler Soderstrom,Athletics,ATH,2026,317,273,66,0.242,0.344,0.473,0.817,0.26,13,57,41,0.336,10.6,89.8,12.1,0.09400000000000003
679845,Nick Loftin,Kansas City Royals,KC,2026,144,120,29,0.242,0.343,0.408,0.751,0.267,2,20,17,0.32,6.9,87.7,13.1,0.07800000000000001
664702,Myles Straw,Toronto Blue Jays,TOR,2026,137,120,29,0.242,0.311,0.333,0.644,0.273,2,21,13,0.309,3.9,86.0,15.0,0.067
807747,Rikuu Nishida,Chicago White Sox,CWS,2026,30,29,7,0.241,0.241,0.241,0.482,0.292,0,5,0,0.247,0.0,87.9,3.1,0.006000000000000005
645302,Victor Robles,Seattle Mariners,SEA,2026,60,58,14,0.241,0.267,0.276,0.543,0.286,0,9,2,0.265,4.1,83.5,9.3,0.02400000000000002
696100,Hunter Goodman,Colorado Rockies,COL,2026,303,274,66,0.241,0.31,0.515,0.825,0.292,21,100,24,0.322,16.1,90.8,18.6,0.08100000000000002
656484,Tristan Gray,Minnesota Twins,MIN,2026,146,133,32,0.241,0.283,0.361,0.644,0.318,4,44,8,0.286,6.5,88.9,13.3,0.044999999999999984
695490,Edwin Arroyo,Cincinnati Reds,CIN,2026,56,50,12,0.24,0.304,0.28,0.584,0.316,0,13,3,0.307,0.0,86.7,16.1,0.067
808959,Munetaka Murakami,Chicago White Sox,CWS,2026,246,200,48,0.24,0.378,0.56,0.938,0.277,20,80,44,0.379,20.7,94.2,14.5,0.139
670042,Luke Raley,Seattle Mariners,SEA,2026,211,192,46,0.24,0.301,0.5,0.801,0.291,14,68,11,0.357,16.7,90.7,16.0,0.11699999999999999
810938,Ben Williamson,Tampa Bay Rays,TB,2026,185,167,40,0.24,0.31,0.317,0.627,0.3,1,36,16,0.302,1.5,88.8,4.8,0.062
665019,Kody Clemens,Minnesota Twins,MIN,2026,262,238,57,0.239,0.304,0.458,0.762,0.269,11,56,17,0.336,12.6,92.5,15.9,0.09700000000000003
686797,Brooks Lee,Minnesota Twins,MIN,2026,300,276,66,0.239,0.294,0.424,0.718,0.248,12,47,20,0.277,4.8,87.5,13.8,0.038000000000000034
682657,Angel Martínez,Cleveland Guardians,CLE,2026,243,226,54,0.239,0.276,0.442,0.718,0.264,11,53,7,0.306,7.9,87.9,14.4,0.067
571448,Nolan Arenado,Arizona Diamondbacks,AZ,2026,279,247,59,0.239,0.315,0.385,0.7,0.276,8,57,23,0.304,5.8,85.4,19.6,0.065
608070,José Ramírez,Cleveland Guardians,CLE,2026,314,268,64,0.239,0.339,0.418,0.757,0.249,10,44,41,0.355,6.6,90.3,19.5,0.11599999999999999
676724,Jared Young,New York Mets,NYM,2026,98,88,21,0.239,0.306,0.42,0.726,0.266,4,21,8,0.341,13.2,90.5,8.2,0.10200000000000004
646240,Rafael Devers,San Francisco Giants,SF,2026,328,298,71,0.238,0.302,0.433,0.735,0.313,11,97,27,0.303,9.9,91.9,13.4,0.065
694249,Cole Carrigg,Colorado Rockies,COL,2026,51,42,10,0.238,0.373,0.524,0.897,0.241,3,10,8,0.357,9.7,84.5,16.3,0.119
663494,Bryan Torres,St. Louis Cardinals,STL,2026,48,42,10,0.238,0.319,0.429,0.748,0.242,2,7,5,0.333,5.6,85.1,8.4,0.09500000000000003
572233,Christian Walker,Houston Astros,HOU,2026,327,294,70,0.238,0.312,0.476,0.788,0.252,18,71,28,0.314,10.8,90.2,14.7,0.07600000000000001
668885,Austin Martin,Minnesota Twins,MIN,2026,243,206,49,0.238,0.35,0.32,0.67,0.294,2,45,31,0.308,2.5,86.5,11.2,0.07
683083,Nasim Nuñez,Washington Nationals,WSH,2026,253,219,52,0.237,0.32,0.283,0.603,0.313,0,54,26,0.278,0.0,84.7,9.0,0.041000000000000036
672695,Geraldo Perdomo,Arizona Diamondbacks,AZ,2026,315,257,61,0.237,0.354,0.346,0.7,0.261,4,40,47,0.335,2.7,87.4,12.6,0.09800000000000003
605170,Victor Caratini,Minnesota Twins,MIN,2026,213,177,42,0.237,0.333,0.356,0.689,0.268,5,41,21,0.347,7.1,89.0,11.9,0.10999999999999999
687231,Darell Hernaiz,Athletics,ATH,2026,134,118,28,0.237,0.318,0.288,0.606,0.287,1,23,13,0.263,1.0,84.4,14.0,0.026000000000000023
673237,Yainer Diaz,Houston Astros,HOU,2026,121,114,27,0.237,0.264,0.342,0.606,0.263,2,19,5,0.271,3.2,87.8,5.4,0.03400000000000003
680700,Richie Palacios,Tampa Bay Rays,TB,2026,178,152,36,0.237,0.343,0.322,0.665,0.304,1,37,22,0.302,3.5,86.8,12.6,0.065
668715,Spencer Steer,Cincinnati Reds,CIN,2026,296,262,62,0.237,0.318,0.424,0.742,0.272,12,68,29,0.353,13.4,89.4,16.4,0.11599999999999999
681297,Colton Cowser,Baltimore Orioles,BAL,2026,191,165,39,0.236,0.326,0.4,0.726,0.292,8,53,22,0.329,12.3,85.9,12.1,0.09300000000000003
678246,Miguel Vargas,Chicago White Sox,CWS,2026,328,275,65,0.236,0.352,0.462,0.814,0.24,16,57,45,0.393,14.2,90.0,19.9,0.15700000000000003
514888,Jose Altuve,Houston Astros,HOU,2026,242,216,51,0.236,0.311,0.398,0.709,0.279,8,55,23,0.298,7.5,86.0,8.4,0.062
643217,Andrew Benintendi,Chicago White Sox,CWS,2026,239,216,51,0.236,0.294,0.426,0.72,0.284,9,62,19,0.322,10.9,89.7,17.7,0.08600000000000002
687551,Drew Gilbert,San Francisco Giants,SF,2026,176,157,37,0.236,0.31,0.369,0.679,0.281,3,33,14,0.281,2.4,85.3,14.4,0.04500000000000004
683227,Cody Freeman,Texas Rangers,TEX,2026,18,17,4,0.235,0.278,0.235,0.513,0.333,0,5,1,0.164,0.0,82.5,4.3,-0.07099999999999998
669707,Jared Triolo,Pittsburgh Pirates,PIT,2026,152,136,32,0.235,0.307,0.279,0.586,0.327,0,38,12,0.273,1.0,87.6,6.3,0.038000000000000034
663538,Nico Hoerner,Chicago Cubs,CHC,2026,342,302,71,0.235,0.313,0.328,0.641,0.242,4,25,32,0.327,1.1,85.8,12.0,0.09200000000000003
700932,Kyle Manzardo,Cleveland Guardians,CLE,2026,243,213,50,0.235,0.325,0.404,0.729,0.325,9,79,25,0.32,12.6,88.9,18.4,0.08500000000000002
663656,Kyle Tucker,Los Angeles Dodgers,LAD,2026,318,273,64,0.234,0.333,0.374,0.707,0.283,6,65,40,0.322,5.2,88.9,15.6,0.088
643446,Jeff McNeil,Athletics,ATH,2026,249,222,52,0.234,0.306,0.32,0.626,0.263,3,35,21,0.302,1.1,85.9,13.2,0.06799999999999998
545361,Mike Trout,Los Angeles Angels,LAA,2026,335,265,62,0.234,0.394,0.472,0.866,0.273,17,83,66,0.412,20.9,91.2,19.0,0.17799999999999996
681082,Bryson Stott,Philadelphia Phillies,PHI,2026,271,248,58,0.234,0.29,0.387,0.677,0.263,6,45,19,0.311,6.8,89.3,15.6,0.07699999999999999
701678,Hao-Yu  Lee,Detroit Tigers,DET,2026,112,107,25,0.234,0.261,0.355,0.616,0.307,2,30,4,0.263,9.3,87.9,18.3,0.028999999999999998
665926,Andrés Giménez,Toronto Blue Jays,TOR,2026,264,244,57,0.234,0.278,0.373,0.651,0.267,7,53,8,0.261,4.1,86.3,11.5,0.026999999999999996
672960,Kazuma Okamoto,Toronto Blue Jays,TOR,2026,310,274,64,0.234,0.316,0.46,0.776,0.296,17,100,30,0.329,14.9,92.1,17.4,0.095
666152,David Hamilton,Milwaukee Brewers,MIL,2026,210,180,42,0.233,0.313,0.322,0.635,0.298,3,46,20,0.27,4.3,86.2,12.7,0.037000000000000005
655316,Andruw Monasterio,Boston Red Sox,BOS,2026,123,116,27,0.233,0.276,0.371,0.647,0.305,2,32,7,0.277,6.0,87.8,21.4,0.04400000000000001
592626,Joc Pederson,Texas Rangers,TEX,2026,239,202,47,0.233,0.336,0.421,0.757,0.262,9,51,30,0.342,9.9,91.7,14.6,0.10900000000000001
687957,Dustin Harris,Houston Astros,HOU,2026,52,43,10,0.233,0.333,0.302,0.635,0.27,0,7,6,0.334,0.0,83.7,15.8,0.101
669720,Austin Hays,Chicago White Sox,CWS,2026,44,43,10,0.233,0.25,0.326,0.576,0.31,1,13,1,0.283,3.3,87.0,-1.3,0.04999999999999996
686217,Sal Frelick,Milwaukee Brewers,MIL,2026,258,224,52,0.232,0.303,0.317,0.62,0.246,3,25,23,0.282,2.0,85.9,7.8,0.04999999999999996
663757,Trent Grisham,New York Yankees,NYY,2026,264,224,52,0.232,0.341,0.406,0.747,0.25,8,42,38,0.36,12.0,90.7,17.0,0.12799999999999997
677592,Everson Pereira,Chicago White Sox,CWS,2026,77,69,16,0.232,0.299,0.42,0.719,0.295,3,23,5,0.303,10.6,87.9,11.3,0.07099999999999998
694514,Sterlin Thompson,Colorado Rockies,COL,2026,77,69,16,0.232,0.312,0.377,0.689,0.304,2,21,5,0.292,6.3,86.6,8.0,0.05999999999999997
641584,Jake Fraley,Tampa Bay Rays,TB,2026,90,82,19,0.232,0.3,0.39,0.69,0.309,2,25,8,0.277,8.8,84.1,23.0,0.04500000000000001
657041,Lane Thomas,Kansas City Royals,KC,2026,197,164,38,0.232,0.35,0.366,0.716,0.273,5,40,29,0.323,4.9,87.2,21.1,0.091
624641,Edmundo Sosa,Philadelphia Phillies,PHI,2026,131,121,28,0.231,0.269,0.38,0.649,0.267,4,29,3,0.328,6.5,86.4,9.5,0.097
687093,Vaughn Grissom,Los Angeles Angels,LAA,2026,170,147,34,0.231,0.314,0.381,0.695,0.238,4,20,15,0.34,6.9,89.8,13.7,0.10900000000000001
694208,Moisés Ballesteros,Chicago Cubs,CHC,2026,175,156,36,0.231,0.303,0.385,0.688,0.259,6,36,17,0.31,9.0,90.1,10.6,0.07899999999999999
663698,Joey Bart,Atlanta Braves,ATL,2026,69,65,15,0.231,0.261,0.338,0.599,0.302,2,21,2,0.248,6.7,86.3,16.2,0.016999999999999987
664731,P.J. Higgins,Cincinnati Reds,CIN,2026,32,26,6,0.231,0.276,0.269,0.545,0.316,0,8,2,0.287,0.0,83.6,24.5,0.055999999999999966
683679,Jesus Rodriguez,San Francisco Giants,SF,2026,43,39,9,0.231,0.302,0.385,0.687,0.219,2,5,3,0.32,2.9,87.4,6.4,0.089
596103,Austin Slater,Tampa Bay Rays,TB,2026,74,65,15,0.231,0.311,0.277,0.588,0.333,0,21,8,0.236,2.2,85.0,4.8,0.004999999999999977
676572,Eric Wagaman,New York Mets,NYM,2026,16,13,3,0.231,0.375,0.462,0.837,0.286,1,5,2,0.402,12.5,92.3,1.7,0.171
682663,Agustín Ramírez,Miami Marlins,MIA,2026,129,113,26,0.23,0.318,0.345,0.663,0.286,2,28,13,0.282,4.7,89.2,6.3,0.05199999999999996
573262,Mike Yastrzemski,Atlanta Braves,ATL,2026,211,187,43,0.23,0.318,0.353,0.671,0.295,4,51,20,0.288,3.7,90.7,15.8,0.05799999999999997
696285,Jacob Young,Washington Nationals,WSH,2026,252,235,54,0.23,0.279,0.383,0.662,0.256,8,47,12,0.307,6.4,89.2,11.7,0.07699999999999999
657757,Gavin Sheets,San Diego Padres,SD,2026,250,222,51,0.23,0.316,0.45,0.766,0.257,12,58,26,0.327,8.5,89.1,16.4,0.097
664761,Alec Bohm,Philadelphia Phillies,PHI,2026,295,270,62,0.23,0.281,0.367,0.648,0.238,9,42,19,0.293,4.3,89.6,10.6,0.06299999999999997
701350,Roman Anthony,Boston Red Sox,BOS,2026,130,109,25,0.229,0.354,0.321,0.675,0.32,1,33,20,0.352,9.2,92.3,8.3,0.12299999999999997
593428,Xander Bogaerts,San Diego Padres,SD,2026,287,253,58,0.229,0.314,0.34,0.654,0.258,8,53,29,0.317,6.4,88.0,6.8,0.088
694388,Joey Loperfido,Houston Astros,HOU,2026,97,83,19,0.229,0.33,0.313,0.643,0.311,0,23,12,0.304,5.2,89.1,12.2,0.07499999999999998
690976,Alex Freeland,Los Angeles Dodgers,LAD,2026,178,153,35,0.229,0.314,0.327,0.641,0.317,3,51,19,0.291,6.5,89.6,10.1,0.06199999999999997
664023,Ian Happ,Chicago Cubs,CHC,2026,323,276,63,0.228,0.337,0.467,0.804,0.294,16,101,43,0.327,13.6,90.0,16.1,0.099
672284,Jarred Kelenic,Texas Rangers,TEX,2026,63,57,13,0.228,0.302,0.316,0.618,0.364,1,23,6,0.354,23.5,94.6,15.5,0.12599999999999997
543807,George Springer,Toronto Blue Jays,TOR,2026,248,215,49,0.228,0.318,0.391,0.709,0.252,8,45,26,0.317,8.3,88.4,14.6,0.089
681481,Kerry Carpenter,Detroit Tigers,DET,2026,175,154,35,0.227,0.303,0.474,0.777,0.272,10,55,14,0.302,10.1,91.2,22.4,0.07499999999999998
686555,Isaac Collins,Kansas City Royals,KC,2026,262,220,50,0.227,0.338,0.318,0.656,0.299,3,62,33,0.309,6.3,88.6,17.7,0.08199999999999999
691781,Brady House,Washington Nationals,WSH,2026,177,163,37,0.227,0.282,0.399,0.681,0.28,7,50,13,0.32,10.5,89.0,5.5,0.093
681715,Heriberto Hernández,Miami Marlins,MIA,2026,166,150,34,0.227,0.295,0.393,0.688,0.265,7,42,14,0.351,9.4,92.0,12.8,0.12399999999999997
665862,Jazz Chisholm Jr.,New York Yankees,NYY,2026,301,265,60,0.226,0.312,0.404,0.716,0.287,11,85,33,0.301,8.9,90.1,15.9,0.07499999999999998
691176,Jasson Domínguez,New York Yankees,NYY,2026,66,62,14,0.226,0.262,0.403,0.665,0.245,2,11,2,0.308,2.1,89.7,9.4,0.08199999999999999
596019,Francisco Lindor,New York Mets,NYM,2026,105,93,21,0.226,0.314,0.355,0.669,0.264,2,19,11,0.34,9.5,90.9,14.8,0.11400000000000002
665804,Miguel Amaya,Chicago Cubs,CHC,2026,125,102,23,0.225,0.358,0.363,0.721,0.27,3,25,15,0.313,7.7,86.4,19.3,0.088
607208,Trea Turner,Philadelphia Phillies,PHI,2026,331,307,69,0.225,0.278,0.332,0.61,0.272,7,73,21,0.283,4.7,88.7,10.1,0.05799999999999997
683357,Owen Caissie,Miami Marlins,MIA,2026,211,187,42,0.225,0.284,0.412,0.696,0.33,8,82,16,0.29,13.6,91.1,15.8,0.06499999999999997
687263,Zach Neto,Los Angeles Angels,LAA,2026,350,303,68,0.224,0.326,0.455,0.781,0.293,17,113,39,0.316,13.1,90.0,22.6,0.092
686469,Vinnie Pasquantino,Kansas City Royals,KC,2026,291,254,57,0.224,0.309,0.35,0.659,0.254,6,51,32,0.316,7.2,88.5,20.3,0.092
678554,Curtis Mead,Washington Nationals,WSH,2026,223,192,43,0.224,0.332,0.448,0.78,0.224,11,38,27,0.365,10.6,88.7,15.7,0.141
669065,Kyle Stowers,Miami Marlins,MIA,2026,231,201,45,0.224,0.317,0.418,0.735,0.298,8,70,23,0.332,10.7,90.7,15.1,0.10800000000000001
673357,Luis Robert Jr.,New York Mets,NYM,2026,98,85,19,0.224,0.327,0.329,0.656,0.258,2,17,13,0.323,2.9,90.2,14.7,0.099
642715,Willy Adames,San Francisco Giants,SF,2026,319,300,67,0.223,0.266,0.42,0.686,0.27,13,88,17,0.291,9.4,88.7,22.3,0.06799999999999998
691777,Max Muncy,Athletics,ATH,2026,136,121,27,0.223,0.287,0.405,0.692,0.303,4,44,8,0.295,12.5,91.5,12.9,0.07199999999999998
668901,Mark Vientos,New York Mets,NYM,2026,223,211,47,0.223,0.256,0.393,0.649,0.248,9,51,8,0.313,9.9,89.5,14.7,0.09
624424,Michael Conforto,Chicago Cubs,CHC,2026,116,99,22,0.222,0.328,0.434,0.762,0.3,4,36,16,0.345,14.1,93.3,19.1,0.12299999999999997
683002,Gunnar Henderson,Baltimore Orioles,BAL,2026,358,324,72,0.222,0.293,0.42,0.713,0.252,16,87,29,0.31,8.8,89.7,12.1,0.088
543309,Kyle Higashioka,Texas Rangers,TEX,2026,140,126,28,0.222,0.3,0.365,0.665,0.277,5,38,13,0.299,10.2,87.8,15.4,0.07699999999999999
656537,Derek Hill,Philadelphia Phillies,PHI,2026,109,99,22,0.222,0.28,0.364,0.644,0.316,4,38,7,0.281,8.1,89.8,14.3,0.059000000000000025
666397,Edouard Julien,Colorado Rockies,COL,2026,206,180,40,0.222,0.32,0.294,0.614,0.306,2,54,25,0.343,7.1,91.3,9.1,0.12100000000000002
596142,Gary Sánchez,Milwaukee Brewers,MIL,2026,145,117,26,0.222,0.366,0.453,0.819,0.229,7,28,25,0.369,10.0,88.5,14.7,0.147
642215,Weston Wilson,Seattle Mariners,SEA,2026,52,45,10,0.222,0.327,0.311,0.638,0.273,1,11,6,0.288,2.9,86.7,19.8,0.06599999999999998
620443,Luis Torrens,New York Mets,NYM,2026,142,131,29,0.221,0.271,0.313,0.584,0.28,1,30,5,0.271,3.9,88.3,6.9,0.05000000000000002
642201,Eli White,Atlanta Braves,ATL,2026,103,95,21,0.221,0.272,0.379,0.651,0.25,3,21,6,0.287,6.7,87.4,5.8,0.06599999999999998
702332,Caleb Durbin,Boston Red Sox,BOS,2026,243,222,49,0.221,0.274,0.369,0.643,0.239,5,35,13,0.283,3.2,85.3,10.4,0.06199999999999997
686780,Pedro Pagés,St. Louis Cardinals,STL,2026,140,127,28,0.22,0.257,0.362,0.619,0.261,4,33,5,0.283,6.0,87.0,14.4,0.06299999999999997
669899,Ryan Ward,Los Angeles Dodgers,LAD,2026,55,50,11,0.22,0.291,0.48,0.771,0.267,3,17,5,0.337,9.7,89.3,15.1,0.11700000000000002
701358,Cam Smith,Houston Astros,HOU,2026,294,260,57,0.219,0.3,0.354,0.654,0.281,7,77,27,0.333,11.9,89.8,10.2,0.11400000000000002
641487,J.P. Crawford,Seattle Mariners,SEA,2026,254,210,46,0.219,0.35,0.386,0.736,0.234,10,47,38,0.351,8.5,88.3,13.3,0.13199999999999998
681807,David Fry,Cleveland Guardians,CLE,2026,124,105,23,0.219,0.339,0.371,0.71,0.306,4,39,19,0.268,6.2,86.3,16.8,0.049000000000000016
670764,Taylor Walls,Tampa Bay Rays,TB,2026,203,169,37,0.219,0.32,0.29,0.61,0.308,0,51,24,0.246,2.4,84.0,21.8,0.026999999999999996
683146,Brett Baty,New York Mets,NYM,2026,252,224,49,0.219,0.295,0.308,0.603,0.305,3,72,22,0.289,7.1,88.9,10.0,0.06999999999999998
677595,Ronny Mauricio,New York Mets,NYM,2026,32,32,7,0.219,0.219,0.313,0.532,0.316,1,12,0,0.224,10.0,89.7,4.9,0.0050000000000000044
543760,Marcus Semien,New York Mets,NYM,2026,306,279,61,0.219,0.275,0.351,0.626,0.25,9,65,22,0.32,8.3,86.1,18.8,0.101
624585,Jorge Soler,Los Angeles Angels,LAA,2026,244,215,47,0.219,0.299,0.4,0.699,0.288,9,77,22,0.306,11.3,87.9,14.0,0.087
543877,Christian Vázquez,Houston Astros,HOU,2026,167,151,33,0.219,0.28,0.338,0.618,0.242,4,27,13,0.238,1.6,85.9,13.6,0.01899999999999999
695657,Colson Montgomery,Chicago White Sox,CWS,2026,307,270,59,0.219,0.313,0.489,0.802,0.253,20,96,28,0.331,14.4,90.1,21.0,0.11200000000000002
691785,Marcelo Mayer,Boston Red Sox,BOS,2026,220,197,43,0.218,0.283,0.305,0.588,0.258,3,42,16,0.255,5.8,85.9,9.0,0.037000000000000005
682987,Spencer Jones,New York Yankees,NYY,2026,64,55,12,0.218,0.328,0.364,0.692,0.37,2,26,9,0.261,3.4,96.8,20.0,0.04300000000000001
669701,Josh Smith,Texas Rangers,TEX,2026,117,101,22,0.218,0.316,0.248,0.564,0.275,0,22,14,0.284,5.0,87.1,17.4,0.06599999999999998
806068,Colt Emerson,Seattle Mariners,SEA,2026,101,92,20,0.217,0.287,0.489,0.776,0.259,6,32,7,0.229,5.0,85.9,15.9,0.01200000000000001
670156,Miles Mastrobuoni,Seattle Mariners,SEA,2026,27,23,5,0.217,0.269,0.217,0.486,0.357,0,10,2,0.187,0.0,89.8,11.2,-0.03
682177,Daniel Schneemann,Cleveland Guardians,CLE,2026,218,198,43,0.217,0.289,0.354,0.643,0.294,6,66,20,0.29,6.9,87.7,11.7,0.07299999999999998
701538,Jackson Merrill,San Diego Padres,SD,2026,308,282,61,0.216,0.278,0.358,0.636,0.265,8,74,23,0.318,10.0,90.1,13.5,0.10200000000000001
682622,Noelvi Marte,Cincinnati Reds,CIN,2026,79,74,16,0.216,0.266,0.392,0.658,0.255,3,20,5,0.278,5.7,87.9,7.3,0.06200000000000003
671655,George Valera,Cleveland Guardians,CLE,2026,38,37,8,0.216,0.237,0.297,0.534,0.276,0,8,1,0.198,0.0,90.2,9.6,-0.017999999999999988
682668,Luisangel Acuña,Chicago White Sox,CWS,2026,141,130,28,0.215,0.257,0.254,0.511,0.252,1,24,7,0.274,3.8,89.2,2.0,0.059000000000000025
687515,Colby Thomas,Athletics,ATH,2026,70,65,14,0.215,0.261,0.338,0.599,0.286,2,21,4,0.282,11.1,91.0,20.6,0.06699999999999998
606992,Eric Haase,San Francisco Giants,SF,2026,62,56,12,0.214,0.267,0.482,0.749,0.229,4,17,4,0.301,17.1,85.8,13.5,0.087
695020,Tanner Murray,Chicago White Sox,CWS,2026,33,28,6,0.214,0.281,0.321,0.602,0.238,1,7,2,0.275,8.7,90.7,25.6,0.061000000000000026
605141,Mookie Betts,Los Angeles Dodgers,LAD,2026,190,173,37,0.214,0.279,0.387,0.666,0.206,8,25,15,0.334,8.2,89.8,18.6,0.12000000000000002
677588,José Tena,Washington Nationals,WSH,2026,148,136,29,0.213,0.277,0.346,0.623,0.306,3,48,11,0.297,10.2,92.1,10.4,0.08399999999999999
679529,Spencer Torkelson,Detroit Tigers,DET,2026,299,258,55,0.213,0.312,0.415,0.727,0.283,12,96,34,0.315,13.0,90.0,20.2,0.10200000000000001
686611,Dylan Crews,Washington Nationals,WSH,2026,113,108,23,0.213,0.248,0.389,0.637,0.222,5,22,2,0.338,10.8,91.1,12.7,0.12500000000000003
663886,Tyler Stephenson,Cincinnati Reds,CIN,2026,214,188,40,0.213,0.299,0.346,0.645,0.268,6,57,24,0.32,10.8,90.6,21.4,0.10700000000000001
669326,Bryce Teodosio,Los Angeles Angels,LAA,2026,51,47,10,0.213,0.26,0.255,0.515,0.345,0,18,3,0.203,6.7,83.5,6.4,-0.009999999999999981
678662,Ezequiel Tovar,Colorado Rockies,COL,2026,275,255,54,0.212,0.258,0.325,0.583,0.28,5,78,15,0.285,7.8,87.9,16.7,0.07299999999999998
664954,Brett Sullivan,Colorado Rockies,COL,2026,113,104,22,0.212,0.25,0.385,0.635,0.225,4,22,5,0.267,3.5,86.6,20.7,0.05500000000000002
663586,Austin Riley,Atlanta Braves,ATL,2026,308,275,58,0.211,0.289,0.349,0.638,0.278,8,89,25,0.297,10.1,91.0,19.5,0.086
669087,Sam Huff,Baltimore Orioles,BAL,2026,19,19,4,0.211,0.211,0.316,0.527,0.364,0,8,0,0.179,18.2,93.6,13.5,-0.032
624428,Adam Frazier,Los Angeles Angels,LAA,2026,93,81,17,0.21,0.297,0.333,0.63,0.308,1,28,9,0.237,1.8,83.5,15.6,0.026999999999999996
641857,Ryan McMahon,New York Yankees,NYY,2026,202,186,39,0.21,0.269,0.36,0.629,0.267,8,62,15,0.304,11.2,90.6,11.6,0.094
681393,Connor Norby,Miami Marlins,MIA,2026,229,196,41,0.209,0.319,0.332,0.651,0.296,4,68,24,0.287,7.8,87.0,19.0,0.07799999999999999
694728,Brice Matthews,Houston Astros,HOU,2026,191,177,37,0.209,0.258,0.35,0.608,0.279,6,61,12,0.274,9.4,88.1,11.2,0.06500000000000003
686668,Brenton Doyle,Colorado Rockies,COL,2026,122,111,23,0.207,0.279,0.27,0.549,0.314,1,40,11,0.248,5.6,87.8,6.7,0.04100000000000001
666971,Lourdes Gurriel Jr.,Arizona Diamondbacks,AZ,2026,122,111,23,0.207,0.262,0.27,0.532,0.247,1,23,8,0.279,5.7,86.4,11.8,0.07200000000000004
665052,Griffin Conine,Miami Marlins,MIA,2026,32,29,6,0.207,0.281,0.448,0.729,0.222,2,9,2,0.452,21.1,87.7,4.2,0.24500000000000002
680474,Max Schuemann,New York Yankees,NYY,2026,38,29,6,0.207,0.395,0.345,0.74,0.3,0,9,9,0.298,5.0,86.3,25.5,0.091
596115,Trevor Story,Boston Red Sox,BOS,2026,176,165,34,0.206,0.244,0.303,0.547,0.29,3,57,8,0.248,3.6,88.9,12.9,0.04200000000000001
680757,Steven Kwan,Cleveland Guardians,CLE,2026,290,243,50,0.206,0.318,0.251,0.569,0.229,1,30,38,0.301,0.5,83.3,15.0,0.095
521692,Salvador Perez,Kansas City Royals,KC,2026,309,287,59,0.206,0.249,0.338,0.587,0.221,10,59,12,0.295,9.6,88.8,16.7,0.089
650859,Luis Rengifo,Milwaukee Brewers,MIL,2026,209,185,38,0.205,0.28,0.254,0.534,0.233,0,24,19,0.296,4.8,87.7,3.8,0.091
668904,Royce Lewis,Minnesota Twins,MIN,2026,183,161,33,0.205,0.29,0.373,0.663,0.245,7,50,18,0.298,12.7,88.6,18.6,0.093
676694,Jake Meyers,Houston Astros,HOU,2026,133,122,25,0.205,0.263,0.32,0.583,0.239,3,28,9,0.256,7.5,86.0,16.4,0.05100000000000002
672386,Alejandro Kirk,Toronto Blue Jays,TOR,2026,49,44,9,0.205,0.265,0.318,0.583,0.222,1,8,4,0.269,3.1,86.4,9.1,0.06400000000000003
592663,J.T. Realmuto,Philadelphia Phillies,PHI,2026,197,176,36,0.205,0.284,0.324,0.608,0.233,5,39,15,0.32,5.1,89.0,11.1,0.11500000000000002
553993,Eugenio Suárez,Cincinnati Reds,CIN,2026,197,181,37,0.204,0.264,0.359,0.623,0.278,7,67,15,0.261,8.0,86.9,18.9,0.05700000000000002
543510,James McCann,Arizona Diamondbacks,AZ,2026,62,59,12,0.203,0.217,0.254,0.471,0.286,0,17,1,0.208,6.8,90.6,5.4,0.004999999999999977
657656,Ramón Laureano,San Diego Padres,SD,2026,206,182,37,0.203,0.286,0.374,0.66,0.268,7,65,20,0.312,14.3,88.0,12.1,0.10899999999999999
680776,Jarren Duran,Boston Red Sox,BOS,2026,312,286,58,0.203,0.263,0.374,0.637,0.251,12,93,21,0.292,11.4,90.0,13.7,0.08899999999999997
687401,Joey Ortiz,Milwaukee Brewers,MIL,2026,184,158,32,0.203,0.287,0.253,0.54,0.24,1,31,20,0.294,3.1,87.5,6.5,0.09099999999999997
805300,Jakob Marsee,Miami Marlins,MIA,2026,319,267,54,0.202,0.323,0.307,0.63,0.266,4,76,41,0.307,3.6,86.6,18.0,0.10499999999999998
680574,Matt McLain,Cincinnati Reds,CIN,2026,286,248,50,0.202,0.305,0.351,0.656,0.255,8,75,34,0.327,9.8,88.8,20.5,0.125
672356,Gabriel Arias,Cleveland Guardians,CLE,2026,52,50,10,0.2,0.231,0.36,0.591,0.32,2,23,2,0.266,11.1,91.2,2.0,0.066
663609,Luken Baker,Arizona Diamondbacks,AZ,2026,5,5,1,0.2,0.2,0.2,0.4,0.5,0,3,0,0.123,0.0,92.2,28.6,-0.07700000000000001
691373,Jhostynxon Garcia,Pittsburgh Pirates,PIT,2026,37,35,7,0.2,0.243,0.229,0.472,0.28,0,10,1,0.282,4.0,84.6,12.7,0.08199999999999996
702616,Jackson Holliday,Baltimore Orioles,BAL,2026,98,85,17,0.2,0.286,0.388,0.674,0.241,4,29,11,0.321,13.8,89.7,15.6,0.121
805347,Jim Jarvis,Atlanta Braves,ATL,2026,5,5,1,0.2,0.2,0.2,0.4,0.333,0,2,0,0.177,0.0,91.2,11.5,-0.02300000000000002
682641,Luis Matos,Milwaukee Brewers,MIL,2026,21,20,4,0.2,0.238,0.2,0.438,0.308,0,7,1,0.13,0.0,84.1,19.8,-0.07
668942,Josh Rojas,Kansas City Royals,KC,2026,5,5,1,0.2,0.2,0.2,0.4,0.2,0,0,0,0.166,0.0,90.4,11.1,-0.034
667670,Brent Rooker,Athletics,ATH,2026,203,180,36,0.2,0.281,0.389,0.67,0.243,10,65,19,0.315,15.4,89.9,19.7,0.11499999999999999
823550,Sung-Mun Song,San Diego Padres,SD,2026,56,50,10,0.2,0.286,0.24,0.526,0.263,0,12,6,0.261,5.3,85.6,13.8,0.061
642133,Rowdy Tellez,Atlanta Braves,ATL,2026,5,5,1,0.2,0.2,0.8,1.0,0.0,1,2,0,0.478,33.3,91.2,30.6,0.27799999999999997
644433,Chadwick Tromp,Atlanta Braves,ATL,2026,27,25,5,0.2,0.192,0.24,0.432,0.263,0,7,0,0.178,0.0,88.4,13.2,-0.02200000000000002
669717,Will Wilson,Seattle Mariners,SEA,2026,6,5,1,0.2,0.333,0.8,1.133,0.0,1,1,1,0.452,25.0,87.8,0.8,0.252
518595,Travis d'Arnaud,Los Angeles Angels,LAA,2026,40,35,7,0.2,0.3,0.314,0.614,0.222,1,7,3,0.337,14.3,87.7,14.2,0.137
542303,Marcell Ozuna,Pittsburgh Pirates,PIT,2026,217,196,39,0.199,0.276,0.316,0.592,0.26,6,63,19,0.31,8.3,89.4,21.7,0.11099999999999999
663837,Matt Vierling,Detroit Tigers,DET,2026,212,191,38,0.199,0.259,0.34,0.599,0.213,5,35,17,0.3,6.3,87.1,17.1,0.10099999999999998
656775,Cedric Mullins,Tampa Bay Rays,TB,2026,256,222,44,0.198,0.284,0.306,0.59,0.228,6,50,22,0.263,3.4,88.1,28.3,0.065
694377,Nick Yorke,Pittsburgh Pirates,PIT,2026,86,76,15,0.197,0.279,0.276,0.555,0.237,1,17,7,0.306,5.0,89.3,6.7,0.10899999999999999
665966,Carlos Narváez,Boston Red Sox,BOS,2026,142,127,25,0.197,0.27,0.283,0.553,0.284,2,45,11,0.276,6.0,91.0,13.1,0.07900000000000001
666969,Adolis García,Philadelphia Phillies,PHI,2026,259,231,45,0.195,0.27,0.329,0.599,0.266,7,84,21,0.294,9.3,92.1,14.6,0.09899999999999998
671732,Lawrence Butler,Athletics,ATH,2026,211,190,37,0.195,0.275,0.305,0.58,0.248,5,56,21,0.305,6.7,88.3,3.6,0.10999999999999999
672820,Lenyn Sosa,Toronto Blue Jays,TOR,2026,117,113,22,0.195,0.207,0.283,0.49,0.239,1,25,1,0.249,5.6,88.7,20.0,0.05399999999999999
669357,Nolan Gorman,St. Louis Cardinals,STL,2026,229,201,39,0.194,0.279,0.318,0.597,0.26,7,74,25,0.278,9.2,89.3,22.3,0.08400000000000002
687363,Victor Scott II,St. Louis Cardinals,STL,2026,184,155,30,0.194,0.276,0.258,0.534,0.255,2,44,16,0.273,0.8,86.7,7.2,0.07900000000000001
457705,Andrew McCutchen,Texas Rangers,TEX,2026,83,73,14,0.192,0.277,0.26,0.537,0.255,1,22,9,0.237,5.8,87.1,22.7,0.044999999999999984
701305,Zach Dezenzo,Houston Astros,HOU,2026,51,47,9,0.191,0.255,0.34,0.595,0.296,1,19,4,0.252,14.3,83.9,9.2,0.061
592206,Nick Castellanos,San Diego Padres,SD,2026,122,115,22,0.191,0.221,0.339,0.56,0.228,4,34,5,0.285,8.4,87.7,13.0,0.09399999999999997
680728,Adrian Del Castillo,Arizona Diamondbacks,AZ,2026,149,136,26,0.191,0.255,0.309,0.564,0.247,4,44,12,0.263,6.7,89.0,17.1,0.07200000000000001
686475,Tyler Tolbert,Kansas City Royals,KC,2026,25,21,4,0.19,0.28,0.19,0.47,0.308,0,9,3,0.299,7.7,81.2,-5.2,0.10899999999999999
641598,Mitch Garver,Seattle Mariners,SEA,2026,112,95,18,0.189,0.313,0.305,0.618,0.268,3,36,17,0.295,6.8,89.8,18.1,0.10599999999999998
669004,MJ Melendez,New York Mets,NYM,2026,133,111,21,0.189,0.311,0.36,0.671,0.279,4,47,15,0.269,10.6,93.9,24.0,0.08000000000000002
660162,Yoán Moncada,Los Angeles Angels,LAA,2026,130,111,21,0.189,0.308,0.297,0.605,0.286,3,45,17,0.27,7.6,90.3,15.8,0.08100000000000002
641555,J.C. Escarra,New York Yankees,NYY,2026,92,85,16,0.188,0.239,0.271,0.51,0.235,0,18,6,0.258,4.4,89.1,10.6,0.07
666181,Will Benson,Cincinnati Reds,CIN,2026,114,96,18,0.188,0.31,0.333,0.643,0.273,3,38,16,0.3,12.1,91.1,24.9,0.11199999999999999
665953,Andrés Chaparro,Washington Nationals,WSH,2026,41,32,6,0.188,0.366,0.281,0.647,0.25,0,8,9,0.376,8.3,90.0,10.7,0.188
691723,Coby Mayo,Baltimore Orioles,BAL,2026,211,192,36,0.188,0.256,0.365,0.621,0.235,9,69,16,0.284,9.8,91.2,19.3,0.09599999999999997
700337,Edgar Quero,Chicago White Sox,CWS,2026,172,150,28,0.187,0.253,0.233,0.486,0.232,2,41,12,0.26,2.6,90.9,9.7,0.07300000000000001
608369,Corey Seager,Texas Rangers,TEX,2026,204,177,33,0.186,0.284,0.373,0.657,0.207,9,54,23,0.335,15.2,91.2,11.9,0.14900000000000002
621438,Tyrone Taylor,New York Mets,NYM,2026,104,97,18,0.186,0.21,0.32,0.53,0.2,3,19,3,0.248,6.1,86.2,20.5,0.062
695336,Thomas Saggese,St. Louis Cardinals,STL,2026,82,76,14,0.184,0.244,0.276,0.52,0.265,1,26,6,0.274,10.0,88.8,13.2,0.09000000000000002
666139,Josh Lowe,Los Angeles Angels,LAA,2026,134,125,23,0.184,0.226,0.32,0.546,0.22,5,39,6,0.263,8.0,88.6,18.5,0.07900000000000001
621020,Dansby Swanson,Chicago Cubs,CHC,2026,282,240,44,0.183,0.292,0.325,0.617,0.213,8,66,37,0.286,6.2,89.2,16.9,0.10299999999999998
687597,Jordan Beck,Colorado Rockies,COL,2026,88,82,15,0.183,0.227,0.305,0.532,0.233,1,22,5,0.26,3.3,85.3,14.2,0.07700000000000001
641933,Tyler O'Neill,Baltimore Orioles,BAL,2026,142,126,23,0.183,0.275,0.27,0.545,0.244,2,38,14,0.275,5.7,88.6,23.7,0.09200000000000003
677870,Leo Jiménez,Miami Marlins,MIA,2026,89,77,14,0.182,0.281,0.208,0.489,0.241,0,20,6,0.317,5.3,91.4,5.4,0.135
692216,CJ Kayfus,Cleveland Guardians,CLE,2026,25,22,4,0.182,0.28,0.364,0.644,0.231,1,8,2,0.305,21.4,92.8,24.1,0.123
686452,Drew Millas,Washington Nationals,WSH,2026,126,110,20,0.182,0.262,0.273,0.535,0.228,2,29,10,0.272,3.6,82.9,11.9,0.09000000000000002
678489,Jorge Barrosa,Arizona Diamondbacks,AZ,2026,119,105,19,0.181,0.252,0.352,0.604,0.25,2,35,9,0.211,6.8,86.5,18.4,0.03
677950,Alek Thomas,Arizona Diamondbacks,AZ,2026,100,94,17,0.181,0.222,0.34,0.562,0.217,2,23,3,0.292,8.3,89.9,11.7,0.11099999999999999
672275,Patrick Bailey,Cleveland Guardians,CLE,2026,156,144,26,0.181,0.237,0.257,0.494,0.233,2,40,11,0.287,6.7,89.8,12.0,0.10599999999999998
672761,Wenceel Pérez,Detroit Tigers,DET,2026,175,161,29,0.18,0.246,0.348,0.594,0.176,7,29,14,0.272,7.6,87.2,17.0,0.09200000000000003
670770,TJ Friedl,Cincinnati Reds,CIN,2026,178,156,28,0.179,0.259,0.256,0.515,0.23,2,42,13,0.25,2.5,88.2,17.0,0.07100000000000001
656582,Connor Joe,Seattle Mariners,SEA,2026,45,39,7,0.179,0.289,0.308,0.597,0.261,1,15,6,0.337,8.3,92.5,15.2,0.15800000000000003
592518,Manny Machado,San Diego Padres,SD,2026,310,273,49,0.179,0.259,0.366,0.625,0.185,13,70,31,0.306,9.1,89.9,10.9,0.127
656716,Zach McKinstry,Detroit Tigers,DET,2026,175,151,27,0.179,0.272,0.272,0.544,0.21,2,32,20,0.258,2.5,84.4,13.8,0.07900000000000001
593871,Jorge Polanco,New York Mets,NYM,2026,61,56,10,0.179,0.246,0.286,0.532,0.205,1,11,5,0.27,4.4,87.3,10.9,0.09100000000000003
669369,Bryce Johnson,San Diego Padres,SD,2026,49,45,8,0.178,0.229,0.222,0.451,0.296,0,18,3,0.173,0.0,79.1,18.7,-0.0050000000000000044
656555,Rhys Hoskins,Cleveland Guardians,CLE,2026,223,181,32,0.177,0.314,0.359,0.673,0.225,7,67,35,0.288,11.3,88.3,25.0,0.11099999999999999
682877,Juan Brito,Cleveland Guardians,CLE,2026,56,51,9,0.176,0.25,0.255,0.505,0.265,0,17,4,0.256,2.9,84.3,14.2,0.08000000000000002
666464,Jerar Encarnacion,San Francisco Giants,SF,2026,35,34,6,0.176,0.2,0.206,0.406,0.231,0,8,1,0.21,7.7,87.5,5.4,0.034
694497,Evan Carter,Texas Rangers,TEX,2026,229,193,34,0.176,0.292,0.321,0.613,0.209,6,54,29,0.294,7.0,88.0,19.8,0.118
683748,Victor Mesa Jr.,Tampa Bay Rays,TB,2026,55,46,8,0.174,0.296,0.304,0.6,0.194,2,13,8,0.36,11.8,86.5,16.6,0.186
656976,Pavin Smith,Arizona Diamondbacks,AZ,2026,54,46,8,0.174,0.278,0.239,0.517,0.206,1,12,7,0.268,6.3,87.1,15.5,0.09400000000000003
623168,Tyler Heineman,Los Angeles Angels,LAA,2026,91,81,14,0.173,0.23,0.235,0.465,0.213,1,19,3,0.241,1.5,81.6,10.6,0.068
624512,Reese McGuire,Chicago White Sox,CWS,2026,34,29,5,0.172,0.273,0.172,0.445,0.25,0,9,2,0.242,0.0,74.3,18.8,0.07
694374,Tim Tawa,Arizona Diamondbacks,AZ,2026,76,64,11,0.172,0.27,0.266,0.536,0.217,1,18,9,0.262,2.1,87.4,8.7,0.09000000000000002
643376,Danny Jansen,Texas Rangers,TEX,2026,142,123,21,0.171,0.277,0.309,0.586,0.225,3,40,13,0.254,6.0,87.7,22.3,0.08299999999999999
664056,Harrison Bader,San Francisco Giants,SF,2026,111,106,18,0.17,0.198,0.358,0.556,0.191,5,34,4,0.272,8.2,89.2,12.3,0.10200000000000001
672016,Denzel Clarke,Athletics,ATH,2026,60,53,9,0.17,0.228,0.189,0.417,0.31,0,24,4,0.193,3.1,91.9,2.6,0.022999999999999993
682674,Victor Bericoto,San Francisco Giants,SF,2026,18,18,3,0.167,0.167,0.333,0.5,0.182,1,6,0,0.164,8.3,87.1,0.4,-0.0030000000000000027
656413,Stuart Fairchild,Cleveland Guardians,CLE,2026,26,18,3,0.167,0.423,0.167,0.59,0.6,0,13,7,0.309,0.0,96.0,14.0,0.142
694378,Jacob Gonzalez,Chicago White Sox,CWS,2026,55,48,8,0.167,0.273,0.229,0.502,0.219,1,15,5,0.276,3.0,88.4,14.8,0.10900000000000001
680737,Michael Helman,Texas Rangers,TEX,2026,35,30,5,0.167,0.235,0.3,0.535,0.167,1,6,1,0.2,0.0,82.9,23.9,0.033
663697,Jonathan India,Kansas City Royals,KC,2026,58,48,8,0.167,0.31,0.313,0.623,0.182,2,13,8,0.285,5.7,85.7,28.3,0.11799999999999997
690291,Jace Jung,Detroit Tigers,DET,2026,8,6,1,0.167,0.375,0.167,0.542,0.2,0,1,2,0.392,0.0,85.5,23.3,0.225
695681,Christian Moore,Los Angeles Angels,LAA,2026,13,12,2,0.167,0.154,0.167,0.321,0.4,0,8,0,0.158,0.0,92.7,25.5,-0.009000000000000008
805672,Collin Price,Houston Astros,HOU,2026,13,12,2,0.167,0.231,0.25,0.481,0.333,0,6,1,0.302,0.0,93.0,17.6,0.13499999999999998
596117,Garrett Stubbs,Philadelphia Phillies,PHI,2026,28,24,4,0.167,0.25,0.167,0.417,0.2,0,5,1,0.252,0.0,88.4,9.0,0.08499999999999999
670242,Matt Wallner,Minnesota Twins,MIN,2026,135,120,20,0.167,0.259,0.292,0.551,0.254,4,53,10,0.281,10.4,88.4,8.1,0.11400000000000002
676914,Davis Schneider,Toronto Blue Jays,TOR,2026,110,91,15,0.165,0.303,0.319,0.622,0.226,3,35,18,0.287,12.3,88.3,29.4,0.12199999999999997
688363,Graham Pauley,Miami Marlins,MIA,2026,91,85,14,0.165,0.211,0.271,0.482,0.21,1,22,5,0.19,3.1,83.3,23.2,0.024999999999999994
699625,Jimmy Crooks,St. Louis Cardinals,STL,2026,49,43,7,0.163,0.265,0.279,0.544,0.2,1,12,5,0.346,7.1,91.3,14.4,0.18299999999999997
681546,James Outman,Detroit Tigers,DET,2026,88,80,13,0.163,0.239,0.275,0.514,0.3,1,39,7,0.214,2.4,86.7,18.3,0.05099999999999999
694410,LuJames Groover,Arizona Diamondbacks,AZ,2026,40,37,6,0.162,0.225,0.189,0.414,0.2,0,7,2,0.284,6.7,92.1,17.0,0.12199999999999997
669224,Austin Wells,New York Yankees,NYY,2026,172,148,24,0.162,0.273,0.25,0.523,0.202,4,46,23,0.297,6.9,89.3,19.1,0.13499999999999998
663728,Cal Raleigh,Seattle Mariners,SEA,2026,205,179,29,0.162,0.259,0.302,0.561,0.2,7,64,24,0.293,12.0,87.3,23.2,0.13099999999999998
666624,Christopher Morel,Miami Marlins,MIA,2026,73,68,11,0.162,0.219,0.206,0.425,0.275,0,28,4,0.22,2.5,88.4,19.9,0.057999999999999996
695257,Billy Cook,Pittsburgh Pirates,PIT,2026,25,25,4,0.16,0.16,0.16,0.32,0.286,0,11,0,0.123,0.0,85.3,15.5,-0.037000000000000005
807727,Charles McAdoo,Toronto Blue Jays,TOR,2026,25,25,4,0.16,0.16,0.28,0.44,0.167,1,6,0,0.234,5.3,88.0,21.0,0.07400000000000001
664059,Sam Haggerty,Texas Rangers,TEX,2026,47,44,7,0.159,0.213,0.182,0.395,0.25,0,16,2,0.182,0.0,83.4,16.8,0.022999999999999993
690984,Petey Halpin,Cleveland Guardians,CLE,2026,46,44,7,0.159,0.178,0.227,0.405,0.233,0,14,1,0.265,10.0,87.8,23.3,0.10600000000000001
670097,Zack Short,New York Mets,NYM,2026,55,44,7,0.159,0.278,0.205,0.483,0.241,0,17,7,0.262,6.7,90.4,27.0,0.10300000000000001
605244,Aramis Garcia,Arizona Diamondbacks,AZ,2026,19,19,3,0.158,0.158,0.316,0.474,0.167,1,6,0,0.259,7.7,86.1,16.6,0.101
694025,Felix Reyes,Philadelphia Phillies,PHI,2026,38,38,6,0.158,0.158,0.263,0.421,0.179,1,9,0,0.233,6.9,89.2,6.4,0.07500000000000001
602104,Ramón Urías,St. Louis Cardinals,STL,2026,68,57,9,0.158,0.279,0.316,0.595,0.159,2,12,6,0.306,10.9,89.5,17.7,0.148
669398,Gage Workman,Detroit Tigers,DET,2026,38,38,6,0.158,0.158,0.395,0.553,0.2,2,16,0,0.311,22.7,94.2,12.3,0.153
805904,Zach Cole,Houston Astros,HOU,2026,53,51,8,0.157,0.189,0.353,0.542,0.185,3,21,1,0.289,16.7,92.5,15.3,0.13199999999999998
663368,Blake Perkins,Milwaukee Brewers,MIL,2026,94,83,13,0.157,0.247,0.253,0.5,0.2,1,22,9,0.257,4.8,86.3,13.6,0.1
668670,Jake Rogers,Detroit Tigers,DET,2026,75,65,10,0.154,0.23,0.262,0.492,0.214,1,24,6,0.244,9.1,86.6,28.3,0.09
678011,Anthony Seigler,Boston Red Sox,BOS,2026,14,13,2,0.154,0.214,0.231,0.445,0.286,0,6,1,0.274,0.0,87.8,13.5,0.12000000000000002
666023,Freddy Fermin,San Diego Padres,SD,2026,142,122,18,0.148,0.243,0.262,0.505,0.163,3,29,14,0.266,3.1,86.3,15.0,0.11800000000000002
624431,Jose Trevino,Cincinnati Reds,CIN,2026,44,41,6,0.146,0.167,0.171,0.338,0.171,0,6,1,0.234,0.0,84.3,8.4,0.08800000000000002
663330,Jahmai Jones,Detroit Tigers,DET,2026,98,89,13,0.146,0.224,0.236,0.46,0.196,2,31,9,0.301,8.6,91.4,15.1,0.155
691011,Drew Romo,Chicago White Sox,CWS,2026,103,90,13,0.144,0.235,0.356,0.591,0.133,5,26,10,0.272,9.1,84.8,13.3,0.12800000000000003
630105,Jake Cronenworth,San Diego Padres,SD,2026,114,97,14,0.144,0.272,0.196,0.468,0.178,1,23,14,0.304,5.4,87.4,7.1,0.16
672642,Steward Berroa,Philadelphia Phillies,PHI,2026,7,7,1,0.143,0.143,0.143,0.286,0.333,0,4,0,0.211,0.0,90.7,23.4,0.068
669288,Daniel Johnson,Houston Astros,HOU,2026,17,14,2,0.143,0.294,0.143,0.437,0.182,0,3,2,0.342,0.0,92.7,21.8,0.19900000000000004
666310,Bo Naylor,Cleveland Guardians,CLE,2026,90,84,12,0.143,0.2,0.238,0.438,0.164,2,21,6,0.295,11.1,89.6,17.8,0.152
666931,Jared Oliva,San Francisco Giants,SF,2026,7,7,1,0.143,0.143,0.143,0.286,0.167,0,1,0,0.308,0.0,93.6,13.6,0.165
690022,Ryan Ritter,Colorado Rockies,COL,2026,7,7,1,0.143,0.143,0.143,0.286,0.25,0,3,0,0.166,0.0,90.6,29.6,0.02300000000000002
669256,Nick Solak,San Diego Padres,SD,2026,10,7,1,0.143,0.3,0.143,0.443,0.125,0,0,1,0.374,12.5,90.2,-2.6,0.231
663647,Ke'Bryan Hayes,Cincinnati Reds,CIN,2026,128,120,17,0.142,0.195,0.225,0.42,0.153,2,20,8,0.312,9.0,90.5,15.8,0.17
608701,Rob Refsnyder,Seattle Mariners,SEA,2026,115,101,14,0.139,0.211,0.228,0.439,0.157,3,31,7,0.257,6.8,86.5,18.6,0.118
680779,Henry Davis,Pittsburgh Pirates,PIT,2026,152,132,18,0.136,0.238,0.28,0.518,0.135,5,32,14,0.296,11.8,90.3,19.2,0.15999999999999998
660710,Rodolfo Durán,San Diego Padres,SD,2026,60,52,7,0.135,0.25,0.365,0.615,0.118,3,15,7,0.315,13.5,87.4,11.6,0.18
663584,Hayden Senger,New York Mets,NYM,2026,17,15,2,0.133,0.133,0.333,0.466,0.1,1,4,0,0.181,0.0,82.3,-3.1,0.04799999999999999
660844,Leo Rivas,Seattle Mariners,SEA,2026,120,99,13,0.131,0.263,0.172,0.435,0.203,0,36,15,0.238,1.5,86.2,20.2,0.10699999999999998
694376,Shay Whitcomb,Houston Astros,HOU,2026,24,23,3,0.13,0.167,0.391,0.558,0.1,2,11,1,0.258,16.7,90.5,31.1,0.128
669208,Ryan Bliss,Seattle Mariners,SEA,2026,10,8,1,0.125,0.2,0.125,0.325,0.167,0,3,1,0.27,0.0,92.2,16.2,0.14500000000000002
681987,Nate Eaton,Boston Red Sox,BOS,2026,10,8,1,0.125,0.3,0.5,0.8,0.0,1,3,2,0.345,20.0,95.1,12.9,0.21999999999999997
621550,Patrick Wisdom,Seattle Mariners,SEA,2026,44,41,5,0.122,0.182,0.22,0.402,0.182,1,18,3,0.265,21.7,92.9,27.8,0.14300000000000002
677956,Rece Hinds,Cincinnati Reds,CIN,2026,36,33,4,0.121,0.167,0.212,0.379,0.25,0,18,1,0.161,0.0,87.1,26.1,0.04000000000000001
682634,Kevin Alcántara,Chicago Cubs,CHC,2026,10,9,1,0.111,0.2,0.111,0.311,0.2,0,4,1,0.188,0.0,87.6,2.6,0.077
687749,Jase Bowen,San Diego Padres,SD,2026,28,27,3,0.111,0.143,0.111,0.254,0.2,0,12,1,0.197,6.7,83.9,20.3,0.08600000000000001
600869,Jeimer Candelario,Los Angeles Angels,LAA,2026,20,18,2,0.111,0.2,0.222,0.422,0.2,0,8,1,0.218,0.0,91.8,18.2,0.107
699013,Esmerlyn Valdez,Pittsburgh Pirates,PIT,2026,29,27,3,0.111,0.172,0.37,0.542,0.083,2,13,2,0.282,28.6,92.0,18.0,0.17099999999999999
665561,Rafael Marchán,Philadelphia Phillies,PHI,2026,77,74,8,0.108,0.143,0.189,0.332,0.103,2,14,1,0.193,3.4,84.7,25.0,0.085
700246,Carson Williams,Tampa Bay Rays,TB,2026,33,30,3,0.1,0.156,0.133,0.289,0.158,0,11,2,0.198,0.0,85.0,21.1,0.098
675659,Greg Jones,Milwaukee Brewers,MIL,2026,22,21,2,0.095,0.095,0.095,0.19,0.167,0,9,0,0.175,0.0,85.7,-1.8,0.07999999999999999
660644,Vidal Bruján,New York Mets,NYM,2026,13,11,1,0.091,0.167,0.091,0.258,0.1,0,1,1,0.213,0.0,82.0,20.2,0.122
686554,Oliver Dunn,Tampa Bay Rays,TB,2026,12,11,1,0.091,0.167,0.091,0.258,0.125,0,3,1,0.207,0.0,82.6,-6.1,0.11599999999999999
506702,Sandy León,Atlanta Braves,ATL,2026,44,44,4,0.091,0.091,0.091,0.182,0.154,0,18,0,0.132,0.0,81.9,17.1,0.04100000000000001
686823,Will Brennan,San Francisco Giants,SF,2026,23,23,2,0.087,0.087,0.087,0.174,0.1,0,3,0,0.178,0.0,82.9,20.2,0.091
628451,Andy Ibáñez,New York Mets,NYM,2026,26,23,2,0.087,0.115,0.087,0.202,0.091,0,3,1,0.164,0.0,86.3,13.6,0.07700000000000001
467793,Carlos Santana,Arizona Diamondbacks,AZ,2026,26,24,2,0.083,0.154,0.125,0.279,0.125,0,8,2,0.187,0.0,87.8,29.5,0.104
673490,Ha-Seong Kim,Atlanta Braves,ATL,2026,69,62,5,0.081,0.174,0.081,0.255,0.114,0,18,7,0.204,2.3,84.8,15.7,0.12299999999999998
805249,Otto Kemp,Philadelphia Phillies,PHI,2026,27,25,2,0.08,0.148,0.08,0.228,0.133,0,10,1,0.205,0.0,81.5,27.0,0.12499999999999999
696135,Kahlil Watson,Cleveland Guardians,CLE,2026,13,13,1,0.077,0.077,0.077,0.154,0.2,0,8,0,0.054,0.0,90.1,29.2,-0.023
642851,Austin Wynns,Atlanta Braves,ATL,2026,57,53,4,0.075,0.125,0.075,0.2,0.103,0,14,3,0.265,5.0,86.0,20.1,0.19
683766,Christian Koss,San Francisco Giants,SF,2026,15,14,1,0.071,0.133,0.143,0.276,0.083,0,2,0,0.158,0.0,83.5,19.1,0.08700000000000001
669221,Sean Murphy,Atlanta Braves,ATL,2026,14,14,1,0.071,0.071,0.071,0.142,0.125,0,6,0,0.133,0.0,80.3,1.9,0.06200000000000001
663967,César Salazar,Houston Astros,HOU,2026,22,18,1,0.056,0.227,0.056,0.283,0.067,0,3,3,0.328,0.0,88.6,11.2,0.272
687282,Gabriel Rincones Jr.,Philadelphia Phillies,PHI,2026,19,19,1,0.053,0.053,0.211,0.264,0.0,1,5,0,0.134,7.1,82.5,9.7,0.08100000000000002
680718,Addison Barger,Toronto Blue Jays,TOR,2026,28,22,1,0.045,0.214,0.091,0.305,0.063,0,7,5,0.256,0.0,89.0,16.7,0.21100000000000002
677060,Chad Stevens,Colorado Rockies,COL,2026,34,28,1,0.036,0.176,0.036,0.212,0.063,0,13,5,0.21,6.3,81.4,13.2,0.174
666185,Dylan Carlson,Chicago Cubs,CHC,2026,4,4,0,0.0,0.0,0.0,0.0,0.0,0,2,0,0.07,0.0,84.4,6.4,0.07
669360,Trei Cruz,Detroit Tigers,DET,2026,5,5,0,0.0,0.0,0.0,0.0,0.0,0,3,0,0.097,0.0,96.7,19.2,0.097
693459,Kyler Fedko,Minnesota Twins,MIN,2026,9,7,0,0.0,0.111,0.0,0.111,0.0,0,2,1,0.178,0.0,87.1,20.4,0.178
668974,Maverick Handley,Baltimore Orioles,BAL,2026,1,1,0,0.0,0.0,0.0,0.0,,0,1,0,0.0,,,,0.0
695391,Brett Harris,Athletics,ATH,2026,6,4,0,0.0,0.333,0.0,0.333,0.0,0,2,1,0.26,0.0,70.9,11.8,0.26
675448,Blake Hunt,San Diego Padres,SD,2026,3,3,0,0.0,0.0,0.0,0.0,,0,3,0,0.0,,,,0.0
671083,Buddy Kennedy,San Francisco Giants,SF,2026,8,7,0,0.0,0.125,0.0,0.125,0.0,0,3,1,0.191,0.0,86.1,45.7,0.191
664238,Dylan Moore,Philadelphia Phillies,PHI,2026,15,12,0,0.0,0.2,0.0,0.2,0.0,0,6,3,0.233,0.0,91.3,41.6,0.233
703492,Nick Morabito,New York Mets,NYM,2026,12,11,0,0.0,0.083,0.0,0.083,0.0,0,9,0,0.173,0.0,86.8,17.2,0.173
502054,Tommy Pham,New York Mets,NYM,2026,14,13,0,0.0,0.071,0.0,0.071,0.0,0,7,1,0.137,0.0,91.7,10.5,0.137
693409,César Prieto,St. Louis Cardinals,STL,2026,17,17,0,0.0,0.0,0.0,0.0,0.0,0,2,0,0.251,6.7,91.2,10.4,0.251
691620,Jeferson Quero,Milwaukee Brewers,MIL,2026,2,1,0,0.0,0.5,0.0,0.5,0.0,0,0,1,0.496,0.0,85.6,2.1,0.496
642020,Chuckie Robinson,Los Angeles Dodgers,LAD,2026,12,11,0,0.0,0.0,0.0,0.0,0.0,0,4,0,0.142,0.0,95.2,19.8,0.142
671286,Johnathan Rodríguez,Baltimore Orioles,BAL,2026,11,7,0,0.0,0.273,0.0,0.273,0.0,0,4,3,0.33,0.0,89.1,13.8,0.33
672279,Michael Siani,Baltimore Orioles,BAL,2026,1,1,0,0.0,0.0,0.0,0.0,0.0,0,0,0,0.292,0.0,79.9,6.1,0.292
691019,Kyle Teel,Chicago White Sox,CWS,2026,3,3,0,0.0,0.0,0.0,0.0,0.0,0,2,0,,,,,
673995,Davis Wendzel,Pittsburgh Pirates,PIT,2026,4,4,0,0.0,0.0,0.0,0.0,0.0,0,0,0,0.229,0.0,92.2,30.1,0.229
663897,Luke Williams,Atlanta Braves,ATL,2026,1,0,0,0.0,1.0,0.0,1.0,,0,0,1,0.7,,,,0.7
